[
{
   "model": "contenttypes.contenttype",
   "pk": 1,
   "fields": {
      "app_label": "admin",
      "model": "logentry"
   }
},
{
   "model": "contenttypes.contenttype",
   "pk": 2,
   "fields": {
      "app_label": "auth",
      "model": "permission"
   }
},
{
   "model": "contenttypes.contenttype",
   "pk": 3,
   "fields": {
      "app_label": "auth",
      "model": "group"
   }
},
{
   "model": "contenttypes.contenttype",
   "pk": 4,
   "fields": {
      "app_label": "auth",
      "model": "user"
   }
},
{
   "model": "contenttypes.contenttype",
   "pk": 5,
   "fields": {
      "app_label": "contenttypes",
      "model": "contenttype"
   }
},
{
   "model": "contenttypes.contenttype",
   "pk": 6,
   "fields": {
      "app_label": "sessions",
      "model": "session"
   }
},
{
   "model": "contenttypes.contenttype",
   "pk": 7,
   "fields": {
      "app_label": "landing",
      "model": "subscriber"
   }
},
{
   "model": "contenttypes.contenttype",
   "pk": 8,
   "fields": {
      "app_label": "products",
      "model": "product"
   }
},
{
   "model": "contenttypes.contenttype",
   "pk": 9,
   "fields": {
      "app_label": "products",
      "model": "productimage"
   }
},
{
   "model": "contenttypes.contenttype",
   "pk": 10,
   "fields": {
      "app_label": "orders",
      "model": "status"
   }
},
{
   "model": "contenttypes.contenttype",
   "pk": 11,
   "fields": {
      "app_label": "orders",
      "model": "order"
   }
},
{
   "model": "contenttypes.contenttype",
   "pk": 12,
   "fields": {
      "app_label": "orders",
      "model": "productinorder"
   }
},
{
   "model": "contenttypes.contenttype",
   "pk": 13,
   "fields": {
      "app_label": "products",
      "model": "productcategory"
   }
},
{
   "model": "contenttypes.contenttype",
   "pk": 14,
   "fields": {
      "app_label": "orders",
      "model": "productinbasket"
   }
},
{
   "model": "sessions.session",
   "pk": "cp1imkdy71u9ygr995iblhx9uqi73gmn",
   "fields": {
      "session_data": "ZmI3N2Q4ZTZmYTI0NjczMjRmYTJkNGIxOTUyOTE2NGY0Mzc4MWYzYzp7Il9hdXRoX3VzZXJfaWQiOiIxIiwiX2F1dGhfdXNlcl9iYWNrZW5kIjoiZGphbmdvLmNvbnRyaWIuYXV0aC5iYWNrZW5kcy5Nb2RlbEJhY2tlbmQiLCJfYXV0aF91c2VyX2hhc2giOiIyZjdlNDI5MTIxM2FkYWU1OTVlMTA0NDA2MjAwZGY5ZTQ2N2U0ZDUzIn0=",
      "expire_date": "2019-01-20T19:58:49.558Z"
   }
},
{
   "model": "sessions.session",
   "pk": "h4nu5gctl9snrqbrs3vkql5m3gpg648j",
   "fields": {
      "session_data": "YjFiNTlkMmM4ODRjYTAyNzM5ZWNjNTM3NDRlZGFjYmJkZWZiN2U5NDp7InNlc3Npb25fa2V5IjoxMjMsIl9hdXRoX3VzZXJfaWQiOiIxIiwiX2F1dGhfdXNlcl9iYWNrZW5kIjoiZGphbmdvLmNvbnRyaWIuYXV0aC5iYWNrZW5kcy5Nb2RlbEJhY2tlbmQiLCJfYXV0aF91c2VyX2hhc2giOiIyZjdlNDI5MTIxM2FkYWU1OTVlMTA0NDA2MjAwZGY5ZTQ2N2U0ZDUzIn0=",
      "expire_date": "2019-02-04T20:39:23.842Z"
   }
},
{
   "model": "sessions.session",
   "pk": "yqcjeelm0fujfhx76da0wv16ohvr3fle",
   "fields": {
      "session_data": "YjFiNTlkMmM4ODRjYTAyNzM5ZWNjNTM3NDRlZGFjYmJkZWZiN2U5NDp7InNlc3Npb25fa2V5IjoxMjMsIl9hdXRoX3VzZXJfaWQiOiIxIiwiX2F1dGhfdXNlcl9iYWNrZW5kIjoiZGphbmdvLmNvbnRyaWIuYXV0aC5iYWNrZW5kcy5Nb2RlbEJhY2tlbmQiLCJfYXV0aF91c2VyX2hhc2giOiIyZjdlNDI5MTIxM2FkYWU1OTVlMTA0NDA2MjAwZGY5ZTQ2N2U0ZDUzIn0=",
      "expire_date": "2019-02-19T19:01:09.523Z"
   }
},
{
   "model": "landing.subscriber",
   "pk": 1,
   "fields": {
      "email": "Kutsevalov1984@gmail.com",
      "name": "Igor"
   }
},
{
   "model": "landing.subscriber",
   "pk": 2,
   "fields": {
      "email": "Kutsevalov1984@gmail.com",
      "name": "Me"
   }
},
{
   "model": "landing.subscriber",
   "pk": 4,
   "fields": {
      "email": "Kutsevalov84@gmail.com",
      "name": "test12"
   }
},
{
   "model": "landing.subscriber",
   "pk": 6,
   "fields": {
      "email": "Kutsevalov@gmail.com",
      "name": "test1234"
   }
},
{
   "model": "landing.subscriber",
   "pk": 7,
   "fields": {
      "email": "Kutsevalov@gmail.com",
      "name": "test12345"
   }
},
{
   "model": "landing.subscriber",
   "pk": 8,
   "fields": {
      "email": "Kutsevalov1984@gmail.com",
      "name": "Me"
   }
},
{
   "model": "products.productcategory",
   "pk": 1,
   "fields": {
      "name": "\u0422\u0435\u043b\u0435\u0444\u043e\u043d\u044b",
      "is_active": true
   }
},
{
   "model": "products.productcategory",
   "pk": 2,
   "fields": {
      "name": "\u041f\u043b\u0430\u043d\u0448\u0435\u0442\u044b",
      "is_active": true
   }
},
{
   "model": "products.productcategory",
   "pk": 3,
   "fields": {
      "name": "\u0427\u0430\u0441\u044b",
      "is_active": true
   }
},
{
   "model": "products.product",
   "pk": 1,
   "fields": {
      "name": "Samsung Galaxy A9",
      "price": "15000.00",
      "new_models": true,
      "discount": 0,
      "category": 1,
      "short_description": "\u042d\u043a\u0440\u0430\u043d (6.3\", Super AMOLED, 2220x1080)  Qualcomm Snapdragon 660 (2.2 \u0413\u0413\u0446 + 1.8 \u0413\u0413\u0446)  \u041e\u0441\u043d\u043e\u0432\u043d\u0430\u044f \u0447\u0435\u0442\u0432\u0435\u0440\u043d\u0430\u044f \u043a\u0430\u043c\u0435\u0440\u0430: 24 \u041c\u043f + 10 \u041c\u043f + 8 \u041c\u043f + 5 \u041c\u043f, \u0444\u0440\u043e\u043d\u0442\u0430\u043b\u044c\u043d\u0430\u044f \u043a\u0430\u043c\u0435\u0440\u0430: 24 \u041c\u043f/ RAM 6 \u0413\u0411/ 128 \u0413\u0411 \u0432\u0441\u0442\u0440\u043e\u0435\u043d\u043d\u043e\u0439 \u043f\u0430\u043c\u044f\u0442\u0438 + microSD (\u0434\u043e 512 \u0413\u0411)/ 3G/ LTE/ GPS/  \u043f\u043e\u0434\u0434\u0435\u0440\u0436\u043a\u0430 2\u0445 SIM-\u043a\u0430\u0440\u0442 (Nano-SIM)/ Android 8.0 (Oreo)/ 3800 \u043c\u0410*\u0447",
      "description": "\u0427\u0435\u0442\u044b\u0440\u0435 \u043a\u0430\u043c\u0435\u0440\u044b \u043d\u043e\u0432\u043e\u0433\u043e Samsung Galaxy A9 - \u0432 \u0447\u0435\u0442\u044b\u0440\u0435 \u0440\u0430\u0437\u0430 \u0431\u043e\u043b\u044c\u0448\u0435 \u0432\u043e\u0437\u043c\u043e\u0436\u043d\u043e\u0441\u0442\u0435\u0439 \u043f\u0435\u0440\u0435\u0434\u0430\u0442\u044c \u044d\u043c\u043e\u0446\u0438\u0438 \u0438 \u0447\u0443\u0432\u0441\u0442\u0432\u0430 \u043d\u0430 \u0444\u043e\u0442\u043e: \u0448\u0438\u0440\u043e\u043a\u043e\u0444\u043e\u0440\u043c\u0430\u0442\u043d\u0430\u044f \u043a\u0430\u043c\u0435\u0440\u0430 (8 \u041c\u043f), \u0442\u0435\u043b\u0435\u0444\u043e\u0442\u043e (10 \u041c\u043f), \u043e\u0441\u043d\u043e\u0432\u043d\u0430\u044f \u043a\u0430\u043c\u0435\u0440\u0430 (24 \u041c\u043f), \u043f\u043e\u0440\u0442\u0440\u0435\u0442\u043d\u0430\u044f \u043a\u0430\u043c\u0435\u0440\u0430 (5 \u041c\u043f). \u0412\u043e\u0441\u043f\u043e\u043b\u044c\u0437\u0443\u0439\u0442\u0435\u0441\u044c \u0444\u0443\u043d\u043a\u0446\u0438\u044f\u043c\u0438 \u0420\u0430\u0441\u043f\u043e\u0437\u043d\u0430\u0432\u0430\u043d\u0438\u044f \u0414\u0435\u0444\u0435\u043a\u0442\u043e\u0432 \u0438 \u041e\u043f\u0442\u0438\u043c\u0438\u0437\u0430\u0446\u0438\u0438 \u0418\u0437\u043e\u0431\u0440\u0430\u0436\u0435\u043d\u0438\u044f, \u0447\u0442\u043e\u0431\u044b \u043a\u0430\u0436\u0434\u043e\u0435 \u0444\u043e\u0442\u043e \u0431\u044b\u043b\u043e \u0438\u0441\u043a\u043b\u044e\u0447\u0438\u0442\u0435\u043b\u044c\u043d\u044b\u043c, \u044f\u0440\u043a\u0438\u043c, \u0443\u043d\u0438\u043a\u0430\u043b\u044c\u043d\u044b\u043c.\r\n\r\nSamsung Galaxy A9 \u0438\u043c\u0435\u0435\u0442 6.3 '' FHD + Super AMOLED \u044d\u043a\u0440\u0430\u043d, \u043a\u043e\u0442\u043e\u0440\u044b\u0439 \u043f\u043e\u0437\u0432\u043e\u043b\u0438\u0442 \u0432\u0430\u043c \u043e\u0446\u0435\u043d\u0438\u0442\u044c \u043d\u0435\u0432\u0435\u0440\u043e\u044f\u0442\u043d\u0443\u044e \u043d\u0430\u0441\u044b\u0449\u0435\u043d\u043d\u043e\u0441\u0442\u044c \u0438 \u043a\u043e\u043d\u0442\u0440\u0430\u0441\u0442\u043d\u043e\u0441\u0442\u044c \u0438\u0437\u043e\u0431\u0440\u0430\u0436\u0435\u043d\u0438\u044f. \u041f\u0440\u0430\u043a\u0442\u0438\u0447\u0435\u0441\u043a\u0438 \u0431\u0435\u0437\u0440\u0430\u043c\u043e\u0447\u043d\u0430\u044f \u043a\u043e\u043d\u0441\u0442\u0440\u0443\u043a\u0446\u0438\u044f \u0441\u043e\u0437\u0434\u0430\u0435\u0442 \u043e\u0449\u0443\u0449\u0435\u043d\u0438\u044f \u0431\u0435\u0437\u0433\u0440\u0430\u043d\u0438\u0447\u043d\u043e\u0441\u0442\u0438 \u044d\u043a\u0440\u0430\u043d\u0430, \u0432\u0438\u0437\u0443\u0430\u043b\u044c\u043d\u043e \u0434\u0435\u043b\u0430\u044f \u0438\u0437\u043e\u0431\u0440\u0430\u0436\u0435\u043d\u0438\u0435 \u0435\u0449\u0435 \u0431\u043e\u043b\u0435\u0435 \u0440\u0435\u0430\u043b\u0438\u0441\u0442\u0438\u0447\u043d\u044b\u043c. \u041f\u043e\u043b\u0443\u0447\u0438\u0442\u0435 \u043d\u0435\u0437\u0430\u0431\u044b\u0432\u0430\u0435\u043c\u043e\u0435 \u0443\u0434\u043e\u0432\u043e\u043b\u044c\u0441\u0442\u0432\u0438\u0435 \u043e\u0442 \u043f\u0440\u043e\u0441\u043c\u043e\u0442\u0440\u0430!\r\n\r\n\u041c\u043e\u0449\u043d\u044b\u0439 \u0438 \u043f\u0440\u043e\u0438\u0437\u0432\u043e\u0434\u0438\u0442\u0435\u043b\u044c\u043d\u044b\u0439 \u0432\u043e\u0441\u044c\u043c\u0438\u044f\u0434\u0435\u0440\u043d\u044b\u0439 \u043f\u0440\u043e\u0446\u0435\u0441\u0441\u043e\u0440 \u0438 6 \u0413\u0411 \u043e\u043f\u0435\u0440\u0430\u0442\u0438\u0432\u043d\u043e\u0439 \u043f\u0430\u043c\u044f\u0442\u0438 \u043f\u043e\u0437\u0432\u043e\u043b\u044f\u0442 \u0432\u0430\u043c \u044d\u0444\u0444\u0435\u043a\u0442\u0438\u0432\u043d\u043e \u0438\u0441\u043f\u043e\u043b\u044c\u0437\u043e\u0432\u0430\u0442\u044c Samsung Galaxy A9 \u0432 \u0440\u0435\u0436\u0438\u043c\u0435 \u043c\u043d\u043e\u0433\u043e\u0437\u0430\u0434\u0430\u0447\u043d\u043e\u0441\u0442\u0438. \u0412\u0430\u0448 \u0441\u043c\u0430\u0440\u0442\u0444\u043e\u043d \u0431\u044b\u0441\u0442\u0440\u043e \u0438 \u0447\u0435\u0442\u043a\u043e \u0432\u044b\u043f\u043e\u043b\u043d\u044f\u0435\u0442 \u0432\u0441\u0435 \u0432\u0430\u0448\u0438 \u043a\u043e\u043c\u0430\u043d\u0434\u044b.\r\n\r\n\u0412\u0430\u043c \u0431\u043e\u043b\u044c\u0448\u0435 \u043d\u0435 \u043f\u0440\u0438\u0434\u0435\u0442\u0441\u044f \u0441\u043e\u0440\u0442\u0438\u0440\u043e\u0432\u0430\u0442\u044c \u0444\u043e\u0442\u043e\u0433\u0440\u0430\u0444\u0438\u0438 \u0438 \u0434\u043e\u043a\u0443\u043c\u0435\u043d\u0442\u044b \u043f\u043e \u0432\u0430\u0436\u043d\u043e\u0441\u0442\u0438 \u0438 \u0438\u0437\u0431\u0430\u0432\u043b\u044f\u0442\u044c\u0441\u044f \u043e\u0442 \u0438\u043d\u0444\u043e\u0440\u043c\u0430\u0446\u0438\u0438 \u0432 \u0432\u0438\u0434\u0443 \u043d\u0435\u0445\u0432\u0430\u0442\u043a\u0438 \u043c\u0435\u0441\u0442\u0430 \u0434\u043b\u044f \u0445\u0440\u0430\u043d\u0435\u043d\u0438\u044f. 128 \u0413\u0411 \u0432\u0441\u0442\u0440\u043e\u0435\u043d\u043d\u043e\u0439 \u043f\u0430\u043c\u044f\u0442\u0438 \u043f\u043e\u043c\u043e\u0433\u0443\u0442 \u0441\u043e\u0445\u0440\u0430\u043d\u0438\u0442\u044c \u0432\u0441\u0435 \u0432\u0430\u0448\u0438 \u0432\u043e\u0441\u043f\u043e\u043c\u0438\u043d\u0430\u043d\u0438\u044f \u0438 \u0432\u043f\u0435\u0447\u0430\u0442\u043b\u0435\u043d\u0438\u044f \u043e\u0442 \u043e\u0442\u043f\u0443\u0441\u043a\u0430, \u0434\u0435\u043b\u043e\u0432\u0443\u044e \u0438 \u043b\u0438\u0447\u043d\u0443\u044e \u043f\u0435\u0440\u0435\u043f\u0438\u0441\u043a\u0443, \u0434\u043e\u043a\u0443\u043c\u0435\u043d\u0442\u044b, \u043c\u0443\u0437\u044b\u043a\u0443, \u0432\u0438\u0434\u0435\u043e \u0438 \u043c\u043d\u043e\u0433\u043e\u0435 \u0434\u0440\u0443\u0433\u043e\u0435. \u0410 \u0441 \u043a\u0430\u0440\u0442\u043e\u0439 microSD \u043d\u0430 512 \u0413\u0411 \u0432\u043e\u0437\u043c\u043e\u0436\u043d\u043e\u0441\u0442\u0438 \u0445\u0440\u0430\u043d\u0435\u043d\u0438\u044f \u0432\u043e\u0437\u0440\u0430\u0441\u0442\u0443\u0442 \u043c\u043d\u043e\u0433\u043e\u043a\u0440\u0430\u0442\u043d",
      "is_active": true,
      "created": "2018-12-28T22:52:26.387Z",
      "updated": "2019-01-18T23:46:21.873Z"
   }
},
{
   "model": "products.product",
   "pk": 3,
   "fields": {
      "name": "Samsung Galaxy J5 16Gb",
      "price": "4600.00",
      "new_models": false,
      "discount": 15,
      "category": 1,
      "short_description": "\u0414\u0438\u0430\u0433\u043e\u043d\u0430\u043b\u044c \u044d\u043a\u0440\u0430\u043d\u0430: 5.2\"; \r\n\u0420\u0430\u0437\u0440\u0435\u0448\u0435\u043d\u0438\u0435 \u044d\u043a\u0440\u0430\u043d\u0430: 1280x720; \r\n\u041a\u0430\u043c\u0435\u0440\u0430: 13 \u041c\u043f; \r\n\u041a\u043e\u043b\u0438\u0447\u0435\u0441\u0442\u0432\u043e \u044f\u0434\u0435\u0440: 8; \r\n\u041e\u043f\u0435\u0440\u0430\u0442\u0438\u0432\u043d\u0430\u044f \u043f\u0430\u043c\u044f\u0442\u044c: 2 \u0413\u0431; \r\n\u0412\u043d\u0443\u0442\u0440\u0435\u043d\u043d\u044f\u044f \u043f\u0430\u043c\u044f\u0442\u044c: 16 \u0413\u0431;",
      "description": "\u041d\u043e\u0432\u044b\u0439 Galaxy J5 \u043f\u043e\u043b\u0443\u0447\u0438\u043b 5.2-\u0434\u044e\u0439\u043c\u043e\u0432\u044b\u0439 sAMOLED-\u0434\u0438\u0441\u043f\u043b\u0435\u0439, \u043f\u0440\u043e\u0438\u0437\u0432\u043e\u0434\u0438\u0442\u0435\u043b\u044c\u043d\u0443\u044e \u0430\u043f\u043f\u0430\u0440\u0430\u0442\u043d\u0443\u044e \u043a\u043e\u043d\u0444\u0438\u0433\u0443\u0440\u0430\u0446\u0438\u044e, \u0432\u044b\u0441\u043e\u043a\u043e\u043a\u0430\u0447\u0435\u0441\u0442\u0432\u0435\u043d\u043d\u044b\u0435 \u043a\u0430\u043c\u0435\u0440\u044b \u0438 \u0441\u043a\u0430\u043d\u0435\u0440 \u043e\u0442\u043f\u0435\u0447\u0430\u0442\u043a\u043e\u0432 \u043f\u0430\u043b\u044c\u0446\u0430. \u041c\u0435\u0442\u0430\u043b\u043b\u0438\u0447\u0435\u0441\u043a\u0438\u0439 \u043a\u043e\u0440\u043f\u0443\u0441 \u0441\u043e \u0441\u043a\u0440\u0443\u0433\u043b\u0435\u043d\u043d\u044b\u043c\u0438 \u0433\u0440\u0430\u043d\u044f\u043c\u0438 \u0438 2.5D-\u0441\u0442\u0435\u043a\u043b\u043e\u043c \u043d\u0435 \u0442\u043e\u043b\u044c\u043a\u043e \u0432\u044b\u0433\u043b\u044f\u0434\u0438\u0442 \u0441\u0442\u0438\u043b\u044c\u043d\u043e, \u043d\u043e \u0438 \u0438\u0434\u0435\u0430\u043b\u044c\u043d\u043e \u043b\u043e\u0436\u0438\u0442\u0441\u044f \u0432 \u043b\u0430\u0434\u043e\u043d\u044c. \u0423\u0441\u0442\u0440\u043e\u0439\u0441\u0442\u0432\u043e \u043f\u043e\u0434\u0434\u0435\u0440\u0436\u0438\u0432\u0430\u0435\u0442 \u0434\u0432\u0435 SIM-\u043a\u0430\u0440\u0442\u044b \u2013 \u043e\u0441\u0442\u0430\u0432\u0430\u0439\u0442\u0435\u0441\u044c \u043d\u0430 \u0441\u0432\u044f\u0437\u0438 \u0432\u0441\u0435\u0433\u0434\u0430 \u0438 \u0432\u0435\u0437\u0434\u0435. Samsung Galaxy J5 (2017) \u2013 \u0432\u043e\u043f\u043b\u043e\u0449\u0435\u043d\u0438\u0435 \u0438\u043d\u043d\u043e\u0432\u0430\u0446\u0438\u043e\u043d\u043d\u044b\u0445 \u0440\u0435\u0448\u0435\u043d\u0438\u0439 \u0438 \u0448\u0435\u0434\u0435\u0432\u0440 \u0438\u0441\u043a\u0443\u0441\u0441\u0442\u0432\u0430, \u043a\u043e\u0442\u043e\u0440\u044b\u043c \u0432\u044b \u043d\u0438\u043a\u043e\u0433\u0434\u0430 \u043d\u0435 \u0443\u0441\u0442\u0430\u043d\u0435\u0442\u0435 \u043d\u0430\u0441\u043b\u0430\u0436\u0434\u0430\u0442\u044c\u0441\u044f.",
      "is_active": false,
      "created": "2018-12-30T22:51:00.789Z",
      "updated": "2019-02-03T19:52:49.649Z"
   }
},
{
   "model": "products.product",
   "pk": 4,
   "fields": {
      "name": "Samsung Galaxy J7 16Gb",
      "price": "5800.00",
      "new_models": false,
      "discount": 10,
      "category": 1,
      "short_description": "\u0414\u0438\u0430\u0433\u043e\u043d\u0430\u043b\u044c \u044d\u043a\u0440\u0430\u043d\u0430: 5.5\";\r\n\u0420\u0430\u0437\u0440\u0435\u0448\u0435\u043d\u0438\u0435 \u044d\u043a\u0440\u0430\u043d\u0430: 1920x1080;\r\n\u041a\u0430\u043c\u0435\u0440\u0430: 13 \u041c\u043f;\r\n\u041a\u043e\u043b\u0438\u0447\u0435\u0441\u0442\u0432\u043e \u044f\u0434\u0435\u0440: 8;\r\n\u041e\u043f\u0435\u0440\u0430\u0442\u0438\u0432\u043d\u0430\u044f \u043f\u0430\u043c\u044f\u0442\u044c: 3 \u0413\u0431;\r\n\u0412\u043d\u0443\u0442\u0440\u0435\u043d\u043d\u044f\u044f \u043f\u0430\u043c\u044f\u0442\u044c: 16 \u0413\u0431;",
      "description": "\u0422\u043e\u043d\u043a\u0438\u0439 \u043c\u0435\u0442\u0430\u043b\u043b\u0438\u0447\u0435\u0441\u043a\u0438\u0439 \u043a\u043e\u0440\u043f\u0443\u0441 \u0438 \u0438\u0437\u043e\u0433\u043d\u0443\u0442\u043e\u0435 \u0441\u0442\u0435\u043a\u043b\u043e 2.5D-\u044d\u043a\u0440\u0430\u043d\u0430 \u043f\u0440\u0438\u0434\u0430\u044e\u0442 \u0441\u043c\u0430\u0440\u0442\u0444\u043e\u043d\u0443 \u0437\u0430\u043f\u043e\u043c\u0438\u043d\u0430\u044e\u0449\u0438\u0439\u0441\u044f \u0432\u0438\u0434. 5.5-\u0434\u044e\u0439\u043c\u043e\u0432\u044b\u0439 sAMOLED-\u0434\u0438\u0441\u043f\u043b\u0435\u0439, \u0432\u044b\u0441\u043e\u043a\u043e\u043f\u0440\u043e\u0438\u0437\u0432\u043e\u0434\u0438\u0442\u0435\u043b\u044c\u043d\u044b\u0439 \u043f\u0440\u043e\u0446\u0435\u0441\u0441\u043e\u0440 Exynos, \u0434\u0432\u0435 \u043a\u0430\u0447\u0435\u0441\u0442\u0432\u0435\u043d\u043d\u044b\u0435 \u043a\u0430\u043c\u0435\u0440\u044b \u0438 \u0441\u043a\u0430\u043d\u0435\u0440 \u043e\u0442\u043f\u0435\u0447\u0430\u0442\u043a\u043e\u0432 \u043f\u0430\u043b\u044c\u0446\u0430 \u2013 \u043d\u043e\u0432\u0438\u043d\u043a\u0430 \u043f\u0440\u0435\u0432\u043e\u0441\u0445\u043e\u0434\u043d\u043e \u0432\u043f\u0438\u0448\u0435\u0442\u0441\u044f \u0432 \u0432\u0430\u0448 \u0430\u043a\u0442\u0438\u0432\u043d\u044b\u0439 \u043e\u0431\u0440\u0430\u0437 \u0436\u0438\u0437\u043d\u0438.",
      "is_active": true,
      "created": "2018-12-30T22:54:22.353Z",
      "updated": "2019-01-18T23:42:32.813Z"
   }
},
{
   "model": "products.product",
   "pk": 5,
   "fields": {
      "name": "Samsung Galaxy J8 2018 Black",
      "price": "7800.00",
      "new_models": false,
      "discount": 5,
      "category": 1,
      "short_description": "6\" HD+ (1480x720) Super AMOLED Android 8.0 \r\n Cpu: 8-\u044f\u0434\u0435\u0440\u043d\u044b\u0439 1.8 \u0413\u0413\u0446. SD: 32 \u0413\u0431. \r\n Rom: 3 \u0413\u0431.  Camera: 16 \u041c\u041f + 5 \u041c\u041f. \r\n\u0410\u043a\u043a\u0443\u043c\u0443\u043b\u044f\u0442\u043e\u0440: 3500 \u043c\u0410*\u0447.\r\n\u0414\u043e\u043f\u043e\u043b\u043d\u0438\u0442\u0435\u043b\u044c\u043d\u044b\u0435 \u0444\u0443\u043d\u043a\u0446\u0438\u0438: \u0410\u043a\u0441\u0435\u043b\u0435\u0440\u043e\u043c\u0435\u0442\u0440, \u0414\u0430\u0442\u0447\u0438\u043a \u0425\u043e\u043b\u043b\u0430, \u0421\u043a\u0430\u043d\u0435\u0440 \u043e\u0442\u043f\u0435\u0447\u0430\u0442\u043a\u043e\u0432 \u043f\u0430\u043b\u044c\u0446\u0435\u0432.   \u0412\u0440\u0435\u043c\u044f \u0440\u0430\u0431\u043e\u0442\u044b (\u043e\u0440\u0438\u0435\u043d\u0442\u0438\u0440\u043e\u0432\u043e\u0447\u043d\u043e\u0435): \u0418\u043d\u0442\u0435\u0440\u043d\u0435\u0442 (3G): \u0434\u043e 12 \u0447\u0430\u0441\u043e\u0432; \u0418\u043d\u0442\u0435\u0440\u043d\u0435\u0442 (LTE): \u0434\u043e 13 \u0447\u0430\u0441\u043e\u0432;  \u0418\u043d\u0442\u0435\u0440\u043d\u0435\u0442 (Wi-Fi): \u0434\u043e 14 \u0447\u0430\u0441\u043e\u0432; \u0412\u043e\u0441\u043f\u0440\u043e\u0438\u0437\u0432\u0435\u0434\u0435\u043d\u0438\u0435 \u0432\u0438\u0434\u0435\u043e: \u0434\u043e 20 \u0447\u0430\u0441\u043e\u0432; \u0412\u043e\u0441\u043f\u0440\u043e\u0438\u0437\u0432\u0435\u0434\u0435\u043d\u0438\u0435 \u0430\u0443\u0434\u0438\u043e: \u0434\u043e 112 \u0447\u0430\u0441\u043e\u0432.  \u0420\u0430\u0437\u043c\u0435\u0440\u044b: 159.2 x 75.7 x 8.2 \u043c\u043c.  \u0412\u0435\u0441: 177 \u0433",
      "description": "Samsung Galaxy J8 2018 \u2013 \u0441\u043c\u0430\u0440\u0442\u0444\u043e\u043d \u0441\u0440\u0435\u0434\u043d\u0435\u0433\u043e \u0443\u0440\u043e\u0432\u043d\u044f \u043e\u0442 \u043e\u0434\u043d\u043e\u0433\u043e \u0438\u0437 \u0441\u0430\u043c\u044b\u0445 \u0438\u0437\u0432\u0435\u0441\u0442\u043d\u044b\u0445 \u0431\u0440\u0435\u043d\u0434\u043e\u0432 \u043d\u0430 \u0440\u044b\u043d\u043a\u0435. \u041c\u043e\u0434\u0435\u043b\u044c \u043f\u043e\u043b\u0443\u0447\u0438\u043b\u0430 \u043e\u0431\u043d\u043e\u0432\u043b\u0435\u043d\u043d\u044b\u0439 \u0434\u0438\u0437\u0430\u0439\u043d \u043a\u043e\u0440\u043f\u0443\u0441\u0430 \u0438 \u043f\u043e\u0440\u0430\u0434\u0443\u0435\u0442 \u0431\u0435\u0437\u0440\u0430\u043c\u043e\u0447\u043d\u044b\u043c \u0434\u0438\u0441\u043f\u043b\u0435\u0435\u043c \u0441 \u0441\u043e\u043e\u0442\u043d\u043e\u0448\u0435\u043d\u0438\u0435\u043c \u0441\u0442\u043e\u0440\u043e\u043d 18,5:9. \u0411\u043b\u0430\u0433\u043e\u0434\u0430\u0440\u044f \u044d\u0442\u043e\u043c\u0443 6-\u0434\u044e\u0439\u043c\u043e\u0432\u044b\u0439 \u0441\u043c\u0430\u0440\u0442\u0444\u043e\u043d \u0443\u0434\u0430\u043b\u043e\u0441\u044c \u0441\u0434\u0435\u043b\u0430\u0442\u044c \u0443\u0434\u043e\u0431\u043d\u044b\u043c \u0434\u043b\u044f \u0443\u0434\u0435\u0440\u0436\u0430\u043d\u0438\u044f \u043e\u0434\u043d\u043e\u0439 \u0440\u0443\u043a\u043e\u0439. \u042d\u043a\u0440\u0430\u043d Samsung Galaxy J8 2018 \u0432\u044b\u043f\u043e\u043b\u043d\u0435\u043d \u043f\u043e \u0442\u0435\u0445\u043d\u043e\u043b\u043e\u0433\u0438\u0438 sAMOLED, \u0434\u043b\u044f \u043a\u043e\u0442\u043e\u0440\u043e\u0439 \u0445\u0430\u0440\u0430\u043a\u0442\u0435\u0440\u043d\u044b \u0432\u044b\u0441\u043e\u043a\u0430\u044f \u043a\u043e\u043d\u0442\u0440\u0430\u0441\u0442\u043d\u043e\u0441\u0442\u044c, \u044f\u0440\u043a\u043e\u0441\u0442\u044c \u0446\u0432\u0435\u0442\u043e\u0432 \u0438 \u043e\u0442\u0442\u0435\u043d\u043a\u043e\u0432. \u0414\u043b\u044f \u043e\u0431\u0435\u0441\u043f\u0435\u0447\u0435\u043d\u0438\u044f \u0432\u044b\u0441\u043e\u043a\u043e\u0433\u043e \u0443\u0440\u043e\u0432\u043d\u044f \u043f\u0440\u043e\u0438\u0437\u0432\u043e\u0434\u0438\u0442\u0435\u043b\u044c\u043d\u043e\u0441\u0442\u0438 \u0432 \u0441\u043c\u0430\u0440\u0442\u0444\u043e\u043d\u0435 \u0438\u0441\u043f\u043e\u043b\u044c\u0437\u0443\u0435\u0442\u0441\u044f \u0444\u0438\u0440\u043c\u0435\u043d\u043d\u0430\u044f 8-\u044f\u0434\u0435\u0440\u043d\u0430\u044f \u043f\u043b\u0430\u0442\u0444\u043e\u0440\u043c\u0430, \u043a\u043e\u0442\u043e\u0440\u0430\u044f \u0441 \u043b\u0435\u0433\u043a\u043e\u0441\u0442\u044c\u044e \u0441\u043f\u0440\u0430\u0432\u0438\u0442\u0441\u044f \u0441 \u043f\u043e\u0432\u0441\u0435\u0434\u043d\u0435\u0432\u043d\u044b\u043c\u0438 \u0437\u0430\u0434\u0430\u0447\u0430\u043c\u0438. Samsung Galaxy J8 2018 \u043e\u0441\u043d\u0430\u0449\u0435\u043d \u0441\u0434\u0432\u043e\u0435\u043d\u043d\u043e\u0439 \u043a\u0430\u043c\u0435\u0440\u043e\u0439, \u0441\u043e\u0441\u0442\u043e\u044f\u0449\u0435\u0439 \u0438\u0437 16 \u0438 5 \u041c\u041f \u043c\u043e\u0434\u0443\u043b\u0435\u0439, \u043e\u0442\u043a\u0440\u044b\u0432\u0430\u044e\u0449\u0438\u0445 \u0440\u044f\u0434 \u0434\u043e\u043f\u043e\u043b\u043d\u0438\u0442\u0435\u043b\u044c\u043d\u044b\u0445 \u0432\u043e\u0437\u043c\u043e\u0436\u043d\u043e\u0441\u0442\u0435\u0439 \u0438 \u043d\u0430\u0441\u0442\u0440\u043e\u0435\u043a \u0434\u043b\u044f \u0441\u044c\u0435\u043c\u043a\u0438.",
      "is_active": true,
      "created": "2019-01-16T21:14:39.202Z",
      "updated": "2019-02-03T19:11:43.055Z"
   }
},
{
   "model": "products.product",
   "pk": 6,
   "fields": {
      "name": "Samsung Galaxy S8+ 64Gb",
      "price": "20000.00",
      "new_models": true,
      "discount": 0,
      "category": 1,
      "short_description": "\u0422\u0438\u043f \u044d\u043a\u0440\u0430\u043d\u0430: Super AMOLED\r\n\u0420\u0430\u0437\u043c\u0435\u0440 \u044d\u043a\u0440\u0430\u043d\u0430: \u0411\u0435\u0437\u0440\u0430\u043c\u043e\u0447\u043d\u044b\u0439 \u0434\u0438\u0441\u043f\u043b\u0435\u0439, 6,2\"\r\n\u0420\u0430\u0437\u0440\u0435\u0448\u0435\u043d\u0438\u0435 \u044d\u043a\u0440\u0430\u043d\u0430: Quad HD\r\n\u0420\u0430\u0437\u0440\u0435\u0448\u0435\u043d\u0438\u0435 \u044d\u043a\u0440\u0430\u043d\u0430 PX: 2960 \u0445 1440\r\n\u0423\u0441\u0442\u043e\u0439\u0447\u0438\u0432\u043e\u0435 \u043a \u0446\u0430\u0440\u0430\u043f\u0438\u043d\u0430\u043c \u0441\u0442\u0435\u043a\u043b\u043e: Corning Gorilla Glass 5\r\n\u041e\u0441\u043d\u043e\u0432\u043d\u0430\u044f \u043a\u0430\u043c\u0435\u0440\u0430: 12,0 \u041c\u043f\r\n\u0424\u0440\u043e\u043d\u0442\u0430\u043b\u044c\u043d\u0430\u044f \u043a\u0430\u043c\u0435\u0440\u0430: 8,0 \u041c\u043f\r\n\u041a\u043e\u043b\u0438\u0447\u0435\u0441\u0442\u0432\u043e \u043c\u043e\u0434\u0443\u043b\u0435\u0439 \u043e\u0441\u043d\u043e\u0432\u043d\u043e\u0439 \u043a\u0430\u043c\u0435\u0440\u044b\r\n\u0410\u0432\u0442\u043e\u0444\u043e\u043a\u0443\u0441\u0438\u0440\u043e\u0432\u043a\u0430\r\n\u0412\u0441\u0442\u0440\u043e\u0435\u043d\u043d\u0430\u044f \u0432\u0441\u043f\u044b\u0448\u043a\u0430\r\n\u041c\u0430\u043a\u0441\u0438\u043c\u0430\u043b\u044c\u043d\u043e\u0435 \u0440\u0430\u0437\u0440\u0435\u0448\u0435\u043d\u0438\u0435 \u0432\u0438\u0434\u0435\u043e\u0441\u044a\u0451\u043c\u043a\u0438: 4K UHD (3840 x 2160), 30fps\r\n\u0422\u0435\u0445\u043d\u043e\u043b\u043e\u0433\u0438\u044f Dual Pixel; \u0414\u0438\u0430\u0444\u0440\u0430\u0433\u043c\u0430: F1.7; \u041f\u0440\u043e\u0444\u0435\u0441\u0441\u0438\u043e\u043d\u0430\u043b\u044c\u043d\u044b\u0439 \u0440\u0435\u0436\u0438\u043c; Hyperlapse; VDIS; \u0421\u0442\u0435\u0440\u0435\u043e\u0437\u0432\u0443\u043a\r\n\u041f\u0440\u043e\u0446\u0435\u0441\u0441\u043e\u0440: Samsung Exynos 8895\r\n\u041a\u043e\u043b\u0438\u0447\u0435\u0441\u0442\u0432\u043e \u044f\u0434\u0435\u0440:8 \u044f\u0434\u0435\u0440\r\n\u0427\u0430\u0441\u0442\u043e\u0442\u0430 \u043f\u0440\u043e\u0446\u0435\u0441\u0441\u043e\u0440\u0430: 1,7 \u0413\u0413\u0446, 2,3 \u0413\u0413\u0446\r\n\u0412\u0438\u0434\u0435\u043e\u043f\u0440\u043e\u0446\u0435\u0441\u0441\u043e\u0440:Mali G71 MP20\r\n\u041e\u0431\u044a\u0435\u043c \u043e\u043f\u0435\u0440\u0430\u0442\u0438\u0432\u043d\u043e\u0439 \u043f\u0430\u043c\u044f\u0442\u0438: 4 \u0413\u0431\r\n\u041e\u0431\u044a\u0435\u043c \u0432\u0441\u0442\u0440\u043e\u0435\u043d\u043d\u043e\u0439 \u043f\u0430\u043c\u044f\u0442\u0438: 64 \u0413\u0431\r\n\u041c\u0430\u043a\u0441\u0438\u043c\u0430\u043b\u044c\u043d\u044b\u0439 \u043e\u0431\u044a\u0435\u043c \u043a\u0430\u0440\u0442\u044b \u043f\u0430\u043c\u044f\u0442\u0438:256 \u0413\u0431\r\n\u041e\u043f\u0435\u0440\u0430\u0446\u0438\u043e\u043d\u043d\u0430\u044f \u0441\u0438\u0441\u0442\u0435\u043c\u0430:Android\r\n2G, 3G, 4G (LTE)\r\n2G: GSM 850/900/1800/1900 \u041c\u0413\u0446; 3G: UMTS 850/900/1900/2100 \u041c\u0413\u0446; 3G TD-SCDMA: \u041234/39; 4G: FDD LTE; 4G: TDD LTE\r\n\u041a\u043e\u043b\u0438\u0447\u0435\u0441\u0442\u0432\u043e SIM-\u043a\u0430\u0440\u0442:2 SIM\r\n\u0422\u0438\u043f SIM-\u043a\u0430\u0440\u0442\u044b:Nano-SIM\r\nGPS, \u0413\u041b\u041e\u041d\u0410\u0421\u0421, Beidou, Galileo",
      "description": "\u0421\u043e\u0445\u0440\u0430\u043d\u0438\u0442\u0435 \u043f\u0430\u043c\u044f\u0442\u043d\u044b\u0435 \u043c\u043e\u043c\u0435\u043d\u0442\u044b \u043d\u0430 Samsung Galaxy S8 +. 12 \u041c\u041f \u043e\u0441\u043d\u043e\u0432\u043d\u043e\u0439 \u0438 8 \u041c\u041f \u0444\u0440\u043e\u043d\u0442\u0430\u043b\u044c\u043d\u0430\u044f \u043a\u0430\u043c\u0435\u0440\u044b \u043f\u043e\u0437\u0432\u043e\u043b\u044f\u044e\u0442 \u0434\u0435\u043b\u0430\u0442\u044c \u0444\u043e\u0442\u043e\u0433\u0440\u0430\u0444\u0438\u0438, \u043a\u0430\u0447\u0435\u0441\u0442\u0432\u043e \u043a\u043e\u0442\u043e\u0440\u044b\u0445 \u043c\u043e\u0436\u043d\u043e \u0441\u0440\u0430\u0432\u043d\u0438\u0442\u044c \u0441 \u043f\u0440\u043e\u0444\u0435\u0441\u0441\u0438\u043e\u043d\u0430\u043b\u044c\u043d\u044b\u043c\u0438, \u043d\u0435\u0432\u0430\u0436\u043d\u043e \u0441\u043d\u0438\u043c\u0430\u0435\u0442\u0435 \u0412\u044b \u0432 \u0434\u0432\u0438\u0436\u0435\u043d\u0438\u0438, \u0434\u043d\u0435\u043c \u200b\u200b\u0438\u043b\u0438 \u043d\u043e\u0447\u044c\u044e.\r\n\r\n\"\u0412\u044b \u043c\u043e\u0436\u0435\u0442\u0435 \u0431\u044b\u0442\u044c \u0443\u0432\u0435\u0440\u0435\u043d\u044b, \u0447\u0442\u043e \u0412\u0430\u0448\u0430 \u043b\u0438\u0447\u043d\u0430\u044f \u0438\u043d\u0444\u043e\u0440\u043c\u0430\u0446\u0438\u044f \u0431\u0443\u0434\u0435\u0442 \u043d\u0430\u0434\u0435\u0436\u043d\u043e \u0437\u0430\u0449\u0438\u0449\u0435\u043d\u0430, \u043f\u043e\u0441\u043a\u043e\u043b\u044c\u043a\u0443 Samsung Galaxy S8 + \u043e\u0441\u043d\u0430\u0449\u0435\u043d \u0441\u043a\u0430\u043d\u0435\u0440\u043e\u043c \u0440\u0430\u0434\u0443\u0436\u043d\u043e\u0439 \u043e\u0431\u043e\u043b\u043e\u0447\u043a\u0438 \u0433\u043b\u0430\u0437\u0430 - \u043e\u0434\u043d\u043e\u0439 \u0438\u0437 \u0441\u0430\u043c\u044b\u0445 \u0431\u0435\u0437\u043e\u043f\u0430\u0441\u043d\u044b\u0445 \u0441\u0438\u0441\u0442\u0435\u043c \u0431\u0438\u043e\u043c\u0435\u0442\u0440\u0438\u0447\u0435\u0441\u043a\u043e\u0439 \u0438\u0434\u0435\u043d\u0442\u0438\u0444\u0438\u043a\u0430\u0446\u0438\u0438. \u0415\u0441\u043b\u0438 \u0436\u0435 \u0412\u044b \u0438\u0449\u0435\u0442\u0435 \u0442\u043e\u043b\u044c\u043a\u043e \u0443\u0434\u043e\u0431\u0441\u0442\u0432\u043e \u0440\u0430\u0437\u0431\u043b\u043e\u043a\u0438\u0440\u043e\u0432\u043a\u0438, \u0442\u043e\u0433\u0434\u0430 \u0438\u0434\u0435\u0430\u043b\u044c\u043d\u043e\u0439 \u0434\u043b\u044f \u0412\u0430\u0441 \u0431\u0443\u0434\u0435\u0442 \u0444\u0443\u043d\u043a\u0446\u0438\u044f \u0440\u0430\u0441\u043f\u043e\u0437\u043d\u0430\u0432\u0430\u043d\u0438\u044f \u043b\u0438\u0446. \u0412\u0441\u0435 \u0447\u0442\u043e \u043d\u0443\u0436\u043d\u043e - \u043f\u0440\u043e\u0441\u0442\u043e \u043f\u043e\u0434\u043d\u0435\u0441\u0442\u0438 \u0441\u043c\u0430\u0440\u0442\u0444\u043e\u043d \u043a \u043b\u0438\u0446\u0443 \u0438 \u043e\u043d \u0441\u0440\u0430\u0437\u0443 \u0436\u0435 \u0412\u0430\u0441 \u0443\u0437\u043d\u0430\u0435\u0442. \"\r\n\r\nSamsung Galaxy S8 + \u043e\u0441\u043d\u0430\u0449\u0435\u043d \u043d\u043e\u0432\u0435\u0439\u0448\u0438\u043c 10-\u043d\u043c \u043f\u0440\u043e\u0446\u0435\u0441\u0441\u043e\u0440\u043e\u043c, \u043a\u043e\u0442\u043e\u0440\u044b\u0439 \u043e\u0431\u0435\u0441\u043f\u0435\u0447\u0438\u0432\u0430\u0435\u0442 \u0431\u044b\u0441\u0442\u0440\u0443\u044e \u0440\u0430\u0431\u043e\u0442\u0443 \u0441 \u043c\u0438\u043d\u0438\u043c\u0430\u043b\u044c\u043d\u044b\u043c\u0438 \u044d\u043d\u0435\u0440\u0433\u043e\u0437\u0430\u0442\u0440\u0430\u0442\u0430\u043c\u0438 \u0430\u043a\u043a\u0443\u043c\u0443\u043b\u044f\u0442\u043e\u0440\u0430. \u0420\u0430\u0441\u0448\u0438\u0440\u044f\u0435\u043c\u0430\u044f \u043f\u0430\u043c\u044f\u0442\u044c \u043f\u043e\u0437\u0432\u043e\u043b\u0438\u0442 \u0441\u043e\u0445\u0440\u0430\u043d\u0438\u0442\u044c \u0412\u0430\u0448\u0438 \u043b\u044e\u0431\u0438\u043c\u044b\u0435 \u0444\u0438\u043b\u044c\u043c\u044b, \u043c\u0443\u0437\u044b\u043a\u0443 \u0438 \u0444\u043e\u0442\u043e\u0433\u0440\u0430\u0444\u0438\u0438. \u0410 \u0431\u043b\u0430\u0433\u043e\u0434\u0430\u0440\u044f \u0437\u0430\u0449\u0438\u0442\u0435 \u043e\u0442 \u0432\u043e\u0434\u044b \u0438 \u043f\u044b\u043b\u0438 (IP68) \u0412\u044b \u043e\u0441\u0442\u0430\u043d\u0435\u0442\u0435\u0441\u044c \u043d\u0430 \u0441\u0432\u044f\u0437\u0438 \u0434\u0430\u0436\u0435 \u043f\u043e\u0434 \u0434\u043e\u0436\u0434\u0435\u043c.\r\n\r\nSamsung Galaxy S8 + \u0434\u0435\u043b\u0430\u0435\u0442 \u0412\u0430\u0448\u0443 \u0436\u0438\u0437\u043d\u044c \u043f\u0440\u043e\u0449\u0435. \u0412 \u0441\u043c\u0430\u0440\u0442\u0444\u043e\u043d\u0435 \u043f\u043e\u044f\u0432\u0438\u043b\u0441\u044f \u0438\u043d\u0442\u0435\u043b\u043b\u0435\u043a\u0442\u0443\u0430\u043b\u044c\u043d\u044b\u0439 \u043f\u043e\u043c\u043e\u0449\u043d\u0438\u043a Bixby. \u041a\u0430\u043c\u0435\u0440\u0430 Bixby \u0441\u043f\u043e\u0441\u043e\u0431\u043d\u0430 \u043d\u0430 \u043c\u043d\u043e\u0433\u043e\u0435: \u043e\u0442 \u043f\u0440\u043e\u0441\u0442\u043e\u0433\u043e \u043f\u0435\u0440\u0435\u0432\u043e\u0434\u0430 \u0442\u0435\u043a\u0441\u0442\u0430 \u043a \u043f\u043e\u0438\u0441\u043a\u0443 \u0432 \u0438\u043d\u0442\u0435\u0440\u043d\u0435\u0442-\u043c\u0430\u0433\u0430\u0437\u0438\u043d\u0435 \u043f\u043e\u043d\u0440\u0430\u0432\u0438\u0432\u0448\u0435\u0433\u043e\u0441\u044f \u0442\u043e\u0432\u0430\u0440\u0430 \u043d\u0430 \u0444\u043e\u0442\u043e\u0433\u0440\u0430\u0444\u0438\u0438.",
      "is_active": true,
      "created": "2019-01-18T23:41:49.134Z",
      "updated": "2019-01-23T23:54:54.052Z"
   }
},
{
   "model": "products.product",
   "pk": 7,
   "fields": {
      "name": "Galaxy Watch (46 mm)",
      "price": "8600.00",
      "new_models": true,
      "discount": 0,
      "category": 3,
      "short_description": "GPS, Glonass / Wi-Fi 802.11 b/g/n 2.4 GHz / NFC / Bluetooth 4.2 / \u041e\u0421 Tizen / \u0414\u0438\u0441\u043f\u043b\u0435\u0439 Super AMOLED / \u0420\u043e\u0437\u043c\u0456\u0440 1.3\" (32,9 \u043c\u043c) / 360 x 360 / \u0413\u043b\u0438\u0431\u0438\u043d\u0430 \u043a\u043e\u043b\u044c\u043e\u0440\u0443 16M / \u0447\u0430\u0441\u0442\u043e\u0442\u0430 \u043f\u0440\u043e\u0446\u0435\u0441\u043e\u0440\u0430 1.15GHz / \u0414\u0432\u043e\u044f\u0434\u0435\u0440\u043d\u0438\u0439 / \u041e\u0417\u041f (\u0413\u0411) 0.75 / \u0432\u043d\u0443\u0442\u0440\u0456\u0448\u043d\u044c\u043e\u0457 \u043f\u0430\u043c'\u044f\u0442\u0456 4 \u0413\u0411 / \u0414\u043e\u0441\u0442\u0443\u043f\u043d\u0430 \u043f\u0430\u043c'\u044f\u0442\u044c 1.5 \u0413\u0411\r\n\u0410\u043a\u0441\u0435\u043b\u0435\u0440\u043e\u043c\u0435\u0442\u0440, \u0411\u0430\u0440\u043e\u043c\u0435\u0442\u0440, \u0413\u0456\u0440\u043e\u0441\u043a\u043e\u043f, \u0414\u0430\u0442\u0447\u0438\u043a \u0441\u0435\u0440\u0446\u0435\u0431\u0438\u0442\u0442\u044f, \u0414\u0430\u0442\u0447\u0438\u043a \u043e\u0441\u0432\u0456\u0442\u043b\u0435\u043d\u043e\u0441\u0442\u0456 / \u0420\u043e\u0437\u043c\u0456\u0440\u0438 (\u0412\u0445\u0428\u0445\u0422), 49.0 \u043c\u043c x 46.0 \u043c\u043c x 13.0 \u043c\u043c / \u0410\u043a\u0443\u043c\u0443\u043b\u044f\u0442\u043e\u0440 \u0431\u0430\u0442\u0430\u0440\u0435\u044f 472 \u043c\u0410\u0433 / Typical Usage Time \u0411\u0456\u043b\u044c\u0448\u0435 80 \u0433\u043e\u0434\u0438\u043d \r\nLow Usage Time (Hours) \u0414\u043e 168 \u0433\u043e\u0434\u0438\u043d\r\nLocal Storage Music Playback Time \u0414\u043e 16 \u0433\u043e\u0434\u0438\u043d\r\nIndoor Workout Time \u0414\u043e 77 \u0433\u043e\u0434\u0438\u043d\r\nOutdoor Workout Time with GPS \u0414\u043e 23 \u0433\u043e\u0434\u0438\u043d / \u0424\u043e\u0440\u043c\u0430\u0442\u0438 \u0430\u0443\u0434\u0456\u043e MP3,M4A,3GA,AAC,OGG,OGA,WAV,WMA,AMR,AWB / Notification Type TTS, \u0432\u0456\u0431\u0440\u0430\u0446\u0456\u044f",
      "description": "Samsung Galaxy Watch 46mm \u2013 \u0441\u0442\u0438\u043b\u044c\u043d\u044b\u0435 \u0438 \u0444\u0443\u043d\u043a\u0446\u0438\u043e\u043d\u0430\u043b\u044c\u043d\u044b\u0435 \u0447\u0430\u0441\u044b, \u043a\u043e\u0442\u043e\u0440\u044b\u0435 \u043f\u043e\u043c\u0438\u043c\u043e \u044d\u043b\u0435\u0433\u0430\u043d\u0442\u043d\u043e\u0433\u043e \u0430\u043a\u0441\u0435\u0441\u0441\u0443\u0430\u0440\u0430 \u043c\u043e\u0433\u0443\u0442 \u0441\u0442\u0430\u0442\u044c \u043d\u0430\u0441\u0442\u043e\u044f\u0449\u0438\u043c \u043f\u043e\u043c\u043e\u0449\u043d\u0438\u043a\u043e\u043c. \u041c\u043e\u0434\u0435\u043b\u044c \u0441\u043f\u043e\u0441\u043e\u0431\u043d\u0430 \u043d\u0435 \u0442\u043e\u043b\u044c\u043a\u043e \u0432\u044b\u0432\u043e\u0434\u0438\u0442\u044c \u043e\u043f\u043e\u0432\u0435\u0449\u0435\u043d\u0438\u044f \u0441\u043e \u0441\u043c\u0430\u0440\u0442\u0444\u043e\u043d\u0430, \u043d\u043e \u0442\u0430\u043a\u0436\u0435 \u0438 \u0441\u043b\u0435\u0434\u0438\u0442\u044c \u0437\u0430 \u0444\u0438\u0437\u0438\u0447\u0435\u0441\u043a\u043e\u0439 \u0430\u043a\u0442\u0438\u0432\u043d\u043e\u0441\u0442\u044c\u044e \u043d\u0430 \u043f\u0440\u043e\u0442\u044f\u0436\u0435\u043d\u0438\u0438 \u0434\u043d\u044f. Samsung Galaxy Watch 46mm \u0432\u044b\u043f\u043e\u043b\u043d\u0435\u043d \u0432 \u043a\u0430\u0447\u0435\u0441\u0442\u0432\u0435\u043d\u043d\u043e\u043c \u0438 \u0442\u0449\u0430\u0442\u0435\u043b\u044c\u043d\u043e \u043f\u0440\u043e\u0434\u0443\u043c\u0430\u043d\u043d\u043e\u043c \u043a\u043e\u0440\u043f\u0443\u0441\u0435, \u0434\u043e\u043f\u043e\u043b\u043d\u0435\u043d\u043d\u043e\u043c 1,3-\u0434\u044e\u0439\u043c\u043e\u0432\u044b\u043c \u0441\u0435\u043d\u0441\u043e\u0440\u043d\u044b\u043c Super AMOLED \u044d\u043a\u0440\u0430\u043d\u043e\u043c \u0441 \u0440\u0430\u0437\u0440\u0435\u0448\u0435\u043d\u0438\u0435\u043c 360\u0445360 \u0442\u043e\u0447\u0435\u043a. \u0412 \u043a\u0430\u0447\u0435\u0441\u0442\u0432\u0435 \u0430\u043f\u043f\u0430\u0440\u0430\u0442\u043d\u043e\u0439 \u043f\u043b\u0430\u0442\u0444\u043e\u0440\u043c\u044b \u2013 \u0444\u0438\u0440\u043c\u0435\u043d\u043d\u044b\u0439 \u043f\u0440\u043e\u0446\u0435\u0441\u0441\u043e\u0440 Exynos 9110, \u0434\u043e\u043f\u043e\u043b\u043d\u0435\u043d\u043d\u044b\u0439 4 \u0413\u0411 \u0432\u0441\u0442\u0440\u043e\u0435\u043d\u043d\u043e\u0439 \u043f\u0430\u043c\u044f\u0442\u0438 \u0438 1,5 \u0413\u0411 \u043e\u043f\u0435\u0440\u0430\u0442\u0438\u0432\u043d\u043e\u0439. \u0423\u043f\u0440\u0430\u0432\u043b\u044f\u044e\u0442\u0441\u044f \u0447\u0430\u0441\u044b \u043e\u043f\u0435\u0440\u0430\u0446\u0438\u043e\u043d\u043d\u043e\u0439 \u0441\u0438\u0441\u0442\u0435\u043c\u043e\u0439 Tizen, \u043a\u043e\u0442\u043e\u0440\u0430\u044f \u043e\u0442\u043a\u0440\u044b\u0432\u0430\u0435\u0442 \u0448\u0438\u0440\u043e\u043a\u0438\u0439 \u043f\u0440\u043e\u0441\u0442\u043e\u0440 \u0434\u043b\u044f \u0432\u0437\u0430\u0438\u043c\u043e\u0434\u0435\u0439\u0441\u0442\u0432\u0438\u044f. \u041c\u043e\u0434\u0435\u043b\u044c \u0441\u043f\u043e\u0441\u043e\u0431\u043d\u0430 \u0432\u044b\u0432\u043e\u0434\u0438\u0442\u044c \u043b\u044e\u0431\u044b\u0435 \u043e\u043f\u043e\u0432\u0435\u0449\u0435\u043d\u0438\u044f, \u043f\u043e\u0437\u0432\u043e\u043b\u044f\u0435\u0442 \u043f\u0440\u043e\u0441\u043b\u0443\u0448\u0438\u0432\u0430\u0442\u044c \u043c\u0443\u0437\u044b\u043a\u0443, \u043e\u0442\u0432\u0435\u0447\u0430\u0442\u044c \u043d\u0430 \u0437\u0432\u043e\u043d\u043a\u0438, \u0430 \u0442\u0430\u043a\u0436\u0435 \u0432\u0435\u0434\u0435\u0442 \u043c\u043e\u043d\u0438\u0442\u043e\u0440\u0438\u043d\u0433 \u0444\u0438\u0437\u0438\u0447\u0435\u0441\u043a\u043e\u0439 \u0430\u043a\u0442\u0438\u0432\u043d\u043e\u0441\u0442\u044c (\u0431\u0435\u0433, \u0445\u043e\u0434\u044c\u0431\u0430, \u0435\u0437\u0434\u0430 \u043d\u0430 \u0432\u0435\u043b\u043e\u0441\u0438\u043f\u0435\u0434\u0435), \u0438 \u043f\u043e\u0434\u0441\u0447\u0435\u0442 \u043f\u0443\u043b\u044c\u0441\u0430. Samsung Galaxy Watch 46mm \u043e\u0441\u043d\u0430\u0449\u0430\u0435\u0442\u0441\u044f \u043c\u043e\u0434\u0443\u043b\u044f\u043c\u0438 Bluetooth, Wi-Fi, NFC (\u0441 \u043f\u043e\u0434\u0434\u0435\u0440\u0436\u043a\u043e\u0439 Samsung Pay), GPS. \u0415\u043c\u043a\u043e\u0441\u0442\u0438 \u0432\u0441\u0442\u0440\u043e\u0435\u043d\u043d\u043e\u0433\u043e \u0430\u043a\u043a\u0443\u043c\u0443\u043b\u044f\u0442\u043e\u0440\u0430 \u0434\u043e\u0441\u0442\u0430\u0442\u043e\u0447\u043d\u043e \u0434\u043b\u044f 7 \u0434\u043d\u0435\u0439 \u0440\u0430\u0431\u043e\u0442\u044b.",
      "is_active": true,
      "created": "2019-01-23T20:22:32.207Z",
      "updated": "2019-02-03T19:42:00.014Z"
   }
},
{
   "model": "products.product",
   "pk": 8,
   "fields": {
      "name": "Samsung Gear Sport (Blue)",
      "price": "7200.00",
      "new_models": false,
      "discount": 10,
      "category": 3,
      "short_description": "\u042d\u043a\u0440\u0430\u043d 1.2\" Super AMOLED, \u0441\u0435\u043d\u0441\u043e\u0440\u043d\u044b\u0439 (360 x 360) / \u0447\u0430\u0441\u043e\u0444\u043e\u043d / \u0434\u0432\u0443\u0445\u044a\u044f\u0434\u0435\u0440\u043d\u044b\u0439 \u043f\u0440\u043e\u0446\u0435\u0441\u0441\u043e\u0440 (1 \u0413\u0413\u0446) / 768 \u041c\u0411 \u043e\u043f\u0435\u0440\u0430\u0442\u0438\u0432\u043d\u043e\u0439 \u043f\u0430\u043c\u044f\u0442\u0438 / 4 \u0413\u0411 \u0432\u0441\u0442\u0440\u043e\u0435\u043d\u043d\u043e\u0439 \u043f\u0430\u043c\u044f\u0442\u0438 / Bluetooth 4.2 / Wi-Fi b/g/n / GPS / Tizen O\u0421 / 44.6 x 42.9 x 11.6 \u043c\u043c / \u0441\u0438\u043d\u0438\u0439",
      "description": "Samsung Gear Sport SM-R600 \u2013 \u0441\u043c\u0430\u0440\u0442-\u0447\u0430\u0441\u044b, \u0440\u0430\u0431\u043e\u0442\u0430\u044e\u0449\u0438\u0435 \u043d\u0430 \u0431\u0430\u0437\u0435 \u043e\u043f\u0435\u0440\u0430\u0446\u0438\u043e\u043d\u043d\u043e\u0439 \u0441\u0438\u0441\u0442\u0435\u043c\u044b Tizen \u0438 \u0441\u043e\u0432\u043c\u0435\u0441\u0442\u0438\u043c\u044b\u0435 \u0441\u043e \u0441\u043c\u0430\u0440\u0442\u0444\u043e\u043d\u0430\u043c\u0438 \u043f\u043e\u0434 \u0443\u043f\u0440\u0430\u0432\u043b\u0435\u043d\u0438\u0435\u043c Android. \u041e\u043d\u0438 \u0441\u043f\u043e\u0441\u043e\u0431\u043d\u044b \u043e\u043f\u043e\u0432\u0435\u0449\u0430\u0442\u044c \u043e \u0437\u0432\u043e\u043d\u043a\u0430\u0445 \u0438 \u0441\u043e\u043e\u0431\u0449\u0435\u043d\u0438\u044f\u0445, \u0430 \u0442\u0430\u043a\u0436\u0435 \u043f\u043e\u0437\u0432\u043e\u043b\u044f\u044e\u0442 \u043f\u0440\u043e\u0441\u043b\u0443\u0448\u0438\u0432\u0430\u0442\u044c \u043c\u0443\u0437\u044b\u043a\u0443. \u0412 Samsung Gear Sport SM-R600 \u0440\u0435\u0430\u043b\u0438\u0437\u043e\u0432\u0430\u043d\u044b \u0442\u0430\u043a\u0438\u0435 \u0444\u0443\u043d\u043a\u0446\u0438\u0438 \u0444\u0438\u0442\u043d\u0435\u0441-\u0442\u0440\u0435\u043a\u0435\u0440\u0430 \u043a\u0430\u043a \u043f\u043e\u0434\u0441\u0447\u0435\u0442 \u0448\u0430\u0433\u043e\u0432 \u0438 \u043f\u0443\u043b\u044c\u0441\u043e\u043c\u0435\u0442\u0440, \u043f\u0440\u0438 \u044d\u0442\u043e\u043c \u043e\u043d \u0441\u043f\u043e\u0441\u043e\u0431\u0435\u043d \u0440\u0430\u0437\u043b\u0438\u0447\u0430\u0442\u044c \u0442\u0430\u043a\u0438\u0435 \u0430\u043a\u0442\u0438\u0432\u043d\u043e\u0441\u0442\u0438 \u043a\u0430\u043a \u0445\u043e\u0434\u044c\u0431\u0430, \u0431\u0435\u0433 \u0438 \u043f\u043b\u0430\u0432\u0430\u043d\u0438\u0435. \u0412\u044b\u0432\u043e\u0434 \u0432\u0441\u0435\u0439 \u0438\u043d\u0444\u043e\u0440\u043c\u0430\u0446\u0438\u0438 \u043e\u0441\u0443\u0449\u0435\u0441\u0442\u0432\u043b\u044f\u0435\u0442\u0441\u044f \u043d\u0430 1,2-\u0434\u044e\u0439\u043c\u043e\u0432\u044b\u0439 \u0441\u0435\u043d\u0441\u043e\u0440\u043d\u044b\u0439 sAMOLED \u044d\u043a\u0440\u0430\u043d \u0441 \u0440\u0430\u0437\u0440\u0435\u0448\u0435\u043d\u0438\u0435\u043c 360\u0445360 \u0442\u043e\u0447\u0435\u043a. \u041a\u043e\u0440\u043f\u0443\u0441 Samsung Gear Sport SM-R600 \u0432\u044b\u043f\u043e\u043b\u043d\u0435\u043d \u0438\u0437 \u043f\u043b\u0430\u0441\u0442\u0438\u043a\u0430. \u0410\u0432\u0442\u043e\u043d\u043e\u043c\u043d\u043e\u0441\u0442\u044c \u0447\u0430\u0441\u043e\u0432 \u0441\u043e\u0441\u0442\u0430\u0432\u043b\u044f\u044e\u0442 3-4 \u0434\u043d\u044f, \u0430 \u043c\u0430\u043a\u0441\u0438\u043c\u0430\u043b\u044c\u043d\u043e\u0435 \u0432\u0440\u0435\u043c\u044f \u0434\u043e\u0441\u0442\u0438\u0433\u0430\u0435\u0442 6 \u0434\u043d\u0435\u0439.",
      "is_active": true,
      "created": "2019-01-23T20:31:50.646Z",
      "updated": "2019-02-03T19:40:18.647Z"
   }
},
{
   "model": "products.product",
   "pk": 9,
   "fields": {
      "name": "Samsung Gear Fit2 Pro (Red)",
      "price": "6000.00",
      "new_models": false,
      "discount": 0,
      "category": 3,
      "short_description": "Android OS / \u041e\u043f\u0435\u0440\u0430\u0446\u0456\u0439\u043d\u0430 \u0441\u0438\u0441\u0442\u0435\u043c\u0430 Tizen / \u0441\u0435\u043d\u0441\u043e\u0440\u043d\u0438\u0439 \u0435\u043a\u0440\u0430\u043d / \u0437\u043d\u0456\u043c\u043d\u0438\u0439 \u0440\u0435\u043c\u0456\u043d\u0435\u0446\u044c; \u0437\u0430\u0445\u0438\u0441\u0442 \u0432\u0456\u0434 \u0432\u043e\u0434\u0438 (\u043c\u043e\u0436\u043b\u0438\u0432\u0456\u0441\u0442\u044c \u0437\u0430\u043d\u0443\u0440\u0435\u043d\u043d\u044f) / \u0433\u0456\u0440\u043e\u0441\u043a\u043e\u043f; \u0431\u0430\u0440\u043e\u043c\u0435\u0442\u0440; \u043f\u0443\u043b\u044c\u0441\u043e\u043c\u0435\u0442\u0440; \u043a\u0440\u043e\u043a\u043e\u043c\u0456\u0440; \u0430\u043a\u0441\u0435\u043b\u0435\u0440\u043e\u043c\u0435\u0442\u0440 / \u043f\u043e\u0448\u0442\u0430; \u0441\u043e\u0446\u0456\u0430\u043b\u044c\u043d\u0456 \u043c\u0435\u0440\u0435\u0436\u0456; \u043a\u0430\u043b\u0435\u043d\u0434\u0430\u0440; \u0432\u0438\u043a\u043b\u0438\u043a\u0438; \u043f\u043e\u0432\u0456\u0434\u043e\u043c\u043b\u0435\u043d\u043d\u044f / GPS; Wi-Fi; Bluetooth / \u0442\u0430\u0439\u043c\u0435\u0440, \u0441\u0435\u043a\u0443\u043d\u0434\u043e\u043c\u0435\u0440 / MP3-\u043f\u043b\u0435\u0435\u0440, \u043f\u0440\u043e\u0433\u043d\u043e\u0437 \u043f\u043e\u0433\u043e\u0434\u044b, \u043f\u043e\u0438\u0441\u043a \u0441\u043c\u0430\u0440\u0442\u0444\u043e\u043d\u0430, \u043f\u043e\u0438\u0441\u043a \u0444\u0438\u0442\u043d\u0435\u0441-\u0431\u0440\u0430\u0441\u043b\u0435\u0442\u0430 /\u0414\u0438\u0441\u043f\u043b\u0435\u0439 Super AMOLED / \u0414\u0456\u0430\u0433\u043e\u043d\u0430\u043b\u044c 1.5 \" / 216 x 432 / Bluetooth 4.2 /\u041e\u0431'\u0454\u043c \u0432\u043d\u0443\u0442\u0440\u0456\u0448\u043d\u044c\u043e\u0457 \u043f\u0430\u043c'\u044f\u0442\u0456 4096 \u041c\u0431 / \u041e\u0431'\u0454\u043c \u043e\u043f\u0435\u0440\u0430\u0442\u0438\u0432\u043d\u043e\u0457 \u043f\u0430\u043c'\u044f\u0442\u0456 512 \u041c\u0431",
      "description": "Samsung Gear Fit2 Pro - \u0444\u0438\u0442\u043d\u0435\u0441 \u0442\u0440\u0435\u043a\u0435\u0440 \u0441 \u0438\u0437\u043e\u0433\u043d\u0443\u0442\u044b\u043c AMOLED \u0434\u0438\u0441\u043f\u043b\u0435\u0435\u043c \u0438 \u0432\u0441\u0442\u0440\u043e\u0435\u043d\u043d\u044b\u043c GPS \u0442\u0440\u0435\u043a\u0435\u0440\u043e\u043c. \u0422\u0430\u043a\u043e\u0435 \u0443\u0441\u0442\u0440\u043e\u0439\u0441\u0442\u0432\u043e \u043f\u043e\u0437\u0432\u043e\u043b\u0438\u0442 \u0432\u0430\u043c \u0442\u0440\u0435\u043d\u0438\u0440\u043e\u0432\u0430\u0442\u044c\u0441\u044f \u0431\u0435\u0437 \u043d\u0435\u043e\u0431\u0445\u043e\u0434\u0438\u043c\u043e\u0441\u0442\u0438 \u0431\u0440\u0430\u0442\u044c \u0441\u043c\u0430\u0440\u0442\u0444\u043e\u043d \u0441 \u0441\u043e\u0431\u043e\u0439. \u041f\u043e\u0441\u043b\u0435 \u0442\u0440\u0435\u043d\u0438\u0440\u043e\u0432\u043a\u0438 \u0434\u043e\u0441\u0442\u0430\u0442\u043e\u0447\u043d\u043e \u0441\u0438\u043d\u0445\u0440\u043e\u043d\u0438\u0437\u0438\u0440\u043e\u0432\u0430\u0442\u044c \u0434\u0430\u043d\u043d\u044b\u0435, \u043a\u043e\u0442\u043e\u0440\u044b\u0435 \u043f\u043e\u0442\u043e\u043c \u043c\u043e\u0436\u043d\u043e \u043f\u0440\u043e\u0430\u043d\u0430\u043b\u0438\u0437\u0438\u0440\u043e\u0432\u0430\u0442\u044c \u0432 \u0444\u0438\u0440\u043c\u0435\u043d\u043d\u043e\u043c \u043f\u0440\u0438\u043b\u043e\u0436\u0435\u043d\u0438\u0438 Samsung Gear. \u0422\u0430\u043a\u0436\u0435 \u0441\u0442\u043e\u0438\u0442 \u043e\u0442\u043c\u0435\u0442\u0438\u0442\u044c \u043d\u0430\u043b\u0438\u0447\u0438\u0435 \u0432\u0441\u0442\u0440\u043e\u0435\u043d\u043d\u043e\u0439 \u043f\u0430\u043c\u044f\u0442\u0438, \u0447\u0442\u043e \u043f\u043e\u0437\u0432\u043e\u043b\u044f\u0435\u0442 \u0437\u0430\u0433\u0440\u0443\u0437\u0438\u0442\u044c \u043b\u044e\u0431\u0438\u043c\u0443\u044e \u043c\u0443\u0437\u044b\u043a\u0443 \u0434\u043b\u044f \u0434\u0430\u043b\u044c\u043d\u0435\u0439\u0448\u0435\u0433\u043e \u043f\u0440\u043e\u0441\u043b\u0443\u0448\u0438\u0432\u0430\u043d\u0438\u044f \u0447\u0435\u0440\u0435\u0437 \u0431\u0435\u0441\u043f\u0440\u043e\u0432\u043e\u0434\u043d\u0443\u044e \u0433\u0430\u0440\u043d\u0438\u0442\u0443\u0440\u0443. \u0412 Samsung Gear Fit2 Pro \u0438\u043c\u0435\u0435\u0442\u0441\u044f \u043c\u043d\u043e\u0436\u0435\u0441\u0442\u0432\u043e \u043f\u0440\u0435\u0434\u0443\u0441\u0442\u0430\u043d\u043e\u0432\u043b\u0435\u043d\u043d\u044b\u0445 \u0432\u0438\u0434\u043e\u0432 \u0442\u0440\u0435\u043d\u0438\u0440\u043e\u0432\u043e\u043a \u043d\u0430 \u043b\u044e\u0431\u043e\u0439 \u0432\u043a\u0443\u0441. \u041f\u0440\u0438 \u044d\u0442\u043e\u043c \u0438\u043c\u0435\u0435\u0442\u0441\u044f \u0432\u043e\u0437\u043c\u043e\u0436\u043d\u043e\u0441\u0442\u044c \u043d\u0430\u0441\u0442\u0440\u043e\u0438\u0442\u044c \u0442\u0440\u0435\u043a\u0438\u043d\u0433 \u0437\u0430\u043d\u044f\u0442\u0438\u0439 \u0432\u0440\u0443\u0447\u043d\u0443\u044e. \u041f\u0440\u0438 \u0441\u043e\u043f\u0440\u044f\u0436\u0435\u043d\u0438\u0438 \u0441\u043e \u0441\u043c\u0430\u0440\u0442\u0444\u043e\u043d\u043e\u043c, \u0431\u0440\u0430\u0441\u043b\u0435\u0442 \u0431\u0443\u0434\u0435\u0442 \u043e\u043f\u043e\u0432\u0435\u0449\u0430\u0442\u044c \u0432\u0430\u0441 \u043e \u0432\u0445\u043e\u0434\u044f\u0449\u0438\u0445 \u0441\u043e\u043e\u0431\u0449\u0435\u043d\u0438\u044f\u0445 \u0438 \u0437\u0432\u043e\u043d\u043a\u0430\u0445, \u0441 \u0432\u043e\u0437\u043c\u043e\u0436\u043d\u043e\u0441\u0442\u044c\u044e \u0431\u044b\u0441\u0442\u0440\u043e\u0433\u043e \u043e\u0442\u0432\u0435\u0442\u0430 \u0435\u0441\u043b\u0438 \u0432\u044b \u0437\u0430\u043d\u044f\u0442\u044b. \u0412\u0441\u0442\u0440\u043e\u0435\u043d\u043d\u043e\u0433\u043e \u0430\u043a\u043a\u0443\u043c\u0443\u043b\u044f\u0442\u043e\u0440\u0430 Samsung Gear Fit2 Pro \u0445\u0432\u0430\u0442\u0438\u0442 \u043d\u0430 3 \u0434\u043d\u044f \u0441\u0440\u0435\u0434\u043d\u0435\u0441\u0442\u0430\u0442\u0438\u0441\u0442\u0438\u0447\u0435\u0441\u043a\u043e\u0433\u043e \u0438\u0441\u043f\u043e\u043b\u044c\u0437\u043e\u0432\u0430\u043d\u0438\u044f \u0438\u043b\u0438 \u0434\u043e 5 \u0434\u043d\u0435\u0439 \u0432 \u0449\u0430\u0434\u044f\u0449\u0435\u043c \u0440\u0435\u0436\u0438\u043c\u0435.",
      "is_active": true,
      "created": "2019-01-23T20:51:01.958Z",
      "updated": "2019-02-03T19:39:51.976Z"
   }
},
{
   "model": "products.product",
   "pk": 10,
   "fields": {
      "name": "Samsung Gear S3 Classic",
      "price": "6400.00",
      "new_models": false,
      "discount": 15,
      "category": 3,
      "short_description": "\u0417\u0430\u0449\u0438\u0442\u0430 \u043e\u0442 \u043f\u044b\u043b\u0438 \u0438 \u0432\u043b\u0430\u0433\u0438: IP68 / \u0414\u0438\u0430\u0433\u043e\u043d\u0430\u043b\u044c \u0434\u0438\u0441\u043f\u043b\u0435\u044f: 1.3\" / \u0412\u0441\u0442\u0440\u043e\u0435\u043d\u043d\u044b\u0435 \u0434\u0430\u0442\u0447\u0438\u043a\u0438: \u043f\u0443\u043b\u044c\u0441\u043e\u043c\u0435\u0442\u0440, \u0431\u0430\u0440\u043e\u043c\u0435\u0442\u0440, \u0433\u0438\u0440\u043e\u0441\u043a\u043e\u043f, \u0430\u043a\u0441\u0435\u043b\u0435\u0440\u043e\u043c\u0435\u0442\u0440 / \u0414\u0438\u0430\u0433\u043d\u043e\u0441\u0442\u0438\u043a\u0430 \u0437\u0434\u043e\u0440\u043e\u0432\u044c\u044f: \u0448\u0430\u0433\u043e\u043c\u0435\u0440 / \u0421\u043e\u0432\u043c\u0435\u0441\u0442\u0438\u043c\u043e\u0441\u0442\u044c \u0441 \u0443\u0441\u0442\u0440\u043e\u0439\u0441\u0442\u0432\u0430\u043c\u0438: iOS, Android / \u0418\u043d\u0442\u0435\u0440\u0444\u0435\u0439\u0441 \u0441\u043e\u0435\u0434\u0438\u043d\u0435\u043d\u0438\u044f: Bluetooth 4.2, NFC, Wi-Fi",
      "description": "Gear S3 - \u0442\u0440\u0435\u0442\u044c\u0435 \u043f\u043e\u043a\u043e\u043b\u0435\u043d\u0438\u0435 \u0443\u043c\u043d\u044b\u0445 \u0447\u0430\u0441\u043e\u0432 \u043e\u0442 \u043a\u043e\u043c\u043f\u0430\u043d\u0438\u0438 Samsung. \u0412 \u044d\u0442\u043e\u0439 \u0438\u0442\u0435\u0440\u0430\u0446\u0438\u0438 \u0447\u0430\u0441\u044b \u043f\u043e\u043b\u0443\u0447\u0438\u043b\u0438 \u0434\u043e\u0441\u0442\u0430\u0442\u043e\u0447\u043d\u043e \u0437\u0430\u043c\u0435\u0442\u043d\u044b\u0435 \u0438 \u043a\u0430\u0447\u0435\u0441\u0442\u0432\u0435\u043d\u043d\u044b\u0435 \u0438\u0437\u043c\u0435\u043d\u0435\u043d\u0438\u044f. \u0412\u043e-\u043f\u0435\u0440\u0432\u044b\u0445 \u0441\u0442\u043e\u0438\u0442 \u043e\u0442\u043c\u0435\u0442\u0438\u0442\u044c \u0434\u0438\u0441\u043f\u043b\u0435\u0439 \u0431\u043e\u043b\u044c\u0448\u0435\u0433\u043e \u0440\u0430\u0437\u043c\u0435\u0440\u0430, \u043f\u043e\u0437\u0432\u043e\u043b\u044f\u044e\u0449\u0438\u0439 \u043e\u0442\u043e\u0431\u0440\u0430\u0437\u0438\u0442\u044c \u0431\u043e\u043b\u044c\u0448\u0435 \u0438\u043d\u0444\u043e\u0440\u043c\u0430\u0446\u0438\u0438. \u0421\u0430\u043c\u0430 \u0442\u0435\u0445\u043d\u043e\u043b\u043e\u0433\u0438\u044f \u043d\u0435 \u0438\u0437\u043c\u0435\u043d\u0438\u043b\u0430\u0441\u044c - \u044d\u0442\u043e \u043a\u0430\u043a \u0438 \u043f\u0440\u0435\u0436\u0434\u0435 Super AMOLED, \u0432 \u0447\u0438\u0441\u043b\u0435 \u0434\u043e\u0441\u0442\u043e\u0438\u043d\u0441\u0442\u0432 \u043a\u043e\u0442\u043e\u0440\u043e\u0439 \u043f\u0440\u0435\u0432\u043e\u0441\u0445\u043e\u0434\u043d\u044b\u0439 \u0443\u0440\u043e\u0432\u0435\u043d\u044c \u043a\u043e\u043d\u0442\u0440\u0430\u0441\u0442\u043d\u043e\u0441\u0442\u0438 \u0438 \u0432\u043e\u0437\u043c\u043e\u0436\u043d\u043e\u0441\u0442\u044c \u043f\u043e\u0441\u0442\u043e\u044f\u043d\u043d\u043e \u043e\u0442\u043e\u0431\u0440\u0430\u0436\u0430\u0442\u044c \u0438\u043d\u0444\u043e\u0440\u043c\u0430\u0446\u0438\u044e \u0431\u0435\u0437 \u0443\u0449\u0435\u0440\u0431\u0430 \u0434\u043b\u044f \u0432\u0440\u0435\u043c\u0435\u043d\u0438 \u0430\u0432\u0442\u043e\u043d\u043e\u043c\u043d\u043e\u0439 \u0440\u0430\u0431\u043e\u0442\u044b. \u0424\u0443\u043d\u043a\u0446\u0438\u043e\u043d\u0430\u043b\u044c\u043d\u043e \u0447\u0430\u0441\u044b \u043f\u043e\u043b\u0443\u0447\u0438\u043b\u0438 \u0434\u043e\u043f\u043e\u043b\u043d\u0435\u043d\u0438\u0435 \u0432 \u0432\u0438\u0434\u0435 GPS, \u0431\u043b\u0430\u0433\u043e\u0434\u0430\u0440\u044f \u0447\u0435\u043c\u0443 Gear S3 - \u044d\u0442\u043e \u043e\u0442\u043b\u0438\u0447\u043d\u044b\u0439 \u043a\u043e\u043c\u043f\u0430\u043d\u044c\u0439\u043e\u043d \u0434\u043b\u044f \u0442\u0440\u0435\u043d\u0438\u0440\u043e\u0432\u043e\u043a. \u0414\u043b\u044f \u044d\u0442\u043e\u0433\u043e \u0442\u0430\u043a\u0436\u0435 \u043f\u0440\u0438\u0441\u0443\u0442\u0441\u0442\u0432\u0443\u0435\u0442 \u043f\u0443\u043b\u044c\u0441\u043e\u043c\u0435\u0442\u0440. \u0427\u0430\u0441\u044b \u0440\u0430\u0431\u043e\u0442\u0430\u044e\u0442 \u043f\u043e\u0434 \u0443\u043f\u0440\u0430\u0432\u043b\u0435\u043d\u0438\u0435\u043c \u043e\u043f\u0435\u0440\u0430\u0446\u0438\u043e\u043d\u043d\u043e\u0439 \u0441\u0438\u0441\u0442\u0435\u043c\u044b Tizen. \u0412 \u043f\u0440\u043e\u0434\u0430\u0436\u0443 \u043f\u043e\u0441\u0442\u0443\u043f\u0438\u043b\u0438 \u0434\u0432\u0435 \u0432\u0435\u0440\u0441\u0438\u0438 Samsung Gear S3 - Classic \u0438 Frontier. \u041e\u0442\u043b\u0438\u0447\u0438\u0442\u0435\u043b\u044c\u043d\u043e\u0439 \u0447\u0435\u0440\u0442\u043e\u0439 \u043f\u043e\u0441\u043b\u0435\u0434\u043d\u0438\u0445, \u043a\u0440\u043e\u043c\u0435 \u0434\u0438\u0437\u0430\u0439\u043d\u0430, \u044f\u0432\u043b\u044f\u0435\u0442\u0441\u044f \u043d\u0430\u043b\u0438\u0447\u0438\u0435 \u043c\u043e\u0434\u0443\u043b\u044f LTE, \u0431\u043b\u0430\u0433\u043e\u0434\u0430\u0440\u044f \u043a\u043e\u0442\u043e\u0440\u043e\u043c\u0443 \u0447\u0430\u0441\u044b \u043c\u043e\u0433\u0443\u0442 \u0431\u044b\u0442\u044c \u0430\u0432\u0442\u043e\u043d\u043e\u043c\u043d\u044b\u043c\u0438 \u0438 \u043d\u0435 \u0437\u0430\u0432\u0438\u0441\u0435\u0442\u044c \u043e\u0442 \u0441\u043c\u0430\u0440\u0442\u0444\u043e\u043d\u0430. \u041a\u043e\u0440\u043f\u0443\u0441 \u0447\u0430\u0441\u043e\u0432 \u0432\u043b\u0430\u0433\u043e\u0437\u0430\u0449\u0438\u0449\u0435\u043d \u043f\u043e \u0441\u0442\u0430\u043d\u0434\u0430\u0440\u0442\u0443 IP68, \u0431\u043b\u0430\u0433\u043e\u0434\u0430\u0440\u044f \u0447\u0435\u043c\u0443 \u0432\u044b \u043c\u043e\u0436\u0435\u0442\u0435 \u043c\u044b\u0442\u044c \u0440\u0443\u043a\u0438, \u043f\u0440\u0438\u043d\u0438\u043c\u0430\u0442\u044c \u0434\u0443\u0448 \u0438 \u0442\u0440\u0435\u043d\u0438\u0440\u043e\u0432\u0430\u0442\u044c\u0441\u044f. \u0423 \u043f\u043e\u043b\u044c\u0437\u043e\u0432\u0430\u0442\u0435\u043b\u044f \u0442\u0430\u043a\u0436\u0435 \u0435\u0441\u0442\u044c \u0432\u043e\u0437\u043c\u043e\u0436\u043d\u043e\u0441\u0442\u044c \u0437\u0430\u043c\u0435\u043d\u044b \u0440\u0435\u043c\u0435\u0448\u043a\u0430.",
      "is_active": true,
      "created": "2019-01-23T21:00:19.152Z",
      "updated": "2019-02-03T19:39:19.963Z"
   }
},
{
   "model": "products.product",
   "pk": 11,
   "fields": {
      "name": "Samsung Galaxy Tab S4 LTE",
      "price": "28000.00",
      "new_models": true,
      "discount": 0,
      "category": 2,
      "short_description": "\u0414\u0438\u0441\u043f\u043b\u0435\u0439: 10.5 \" Super AMOLED 2560x1600 /\r\nAndroid 8.1 / 4G (LTE); 3G; 2G (\u0444\u0443\u043d\u043a\u0446\u0438\u0438 \u0442\u0435\u043b\u0435\u0444\u043e\u043d\u0430) / Qualcomm Snapdragon 835 MSM8998 + Adreno 540 / 8 \u044f\u0434\u0435\u0440 2.35 \u0413\u0413\u0446 / 64 \u0413\u0431. \u0412\u0441\u0442\u0440\u043e\u0435\u043d\u043d\u0430\u044f \u043f\u0430\u043c\u044f\u0442\u044c / 4096 \u041c\u0431. \u041e\u043f\u0435\u0440\u0430\u0442\u0438\u0432\u043d\u0430\u044f \u043f\u0430\u043c\u044f\u0442\u044c, / \u043a\u0430\u043c\u0435\u0440\u0430 13 \u041c\u043f. / 8  \u041c\u043f. \u0424\u0440\u043e\u043d\u0442\u0430\u043b\u044c\u043d\u0430\u044f \u043a\u0430\u043c\u0435\u0440\u0430, / 2160p@30fps / GPS; Bluetooth; Wi-Fi / \u0430\u0443\u0434\u0438\u043e\u0432\u044b\u0445\u043e\u0434 3.5 \u043c\u043c; USB Type-C / \u0415\u043c\u043a\u043e\u0441\u0442\u044c \u0430\u043a\u043a\u0443\u043c\u0443\u043b\u044f\u0442\u043e\u0440\u0430 7300 \u043c\u0410\u0447 / \u0441\u0442\u0438\u043b\u0443\u0441; \u0430\u0432\u0442\u043e\u0444\u043e\u043a\u0443\u0441; \u0432\u0441\u043f\u044b\u0448\u043a\u0430 \u043e\u0441\u043d\u043e\u0432\u043d\u043e\u0439 \u043a\u0430\u043c\u0435\u0440\u044b / \u0420\u0430\u0437\u043c\u0435\u0440 249.3 x 164.3 x 7.1 \u043c\u043c / \u0412\u0435\u0441 483 \u0433 / \u0426\u0432\u0435\u0442 \u0447\u0435\u0440\u043d\u044b\u0439",
      "description": "\u0412\u042b\u0421\u041e\u041a\u041e\u0415 \u041a\u0410\u0427\u0415\u0421\u0422\u0412\u041e \u0418\u0417\u041e\u0411\u0420\u0410\u0416\u0415\u041d\u0418\u042f\r\nSAMSUNG SM-T835N Galaxy Tab S4 10.5 LTE 4/64GB ZKA Black \u043e\u0441\u043d\u0430\u0449\u0435\u043d \u0441\u0435\u043d\u0441\u043e\u0440\u043d\u044b\u043c \u0434\u0438\u0441\u043f\u043b\u0435\u0435\u043c \u0434\u0438\u0430\u0433\u043e\u043d\u0430\u043b\u044c\u044e 10.5 \u0434\u044e\u0439\u043c\u0430. \u041e\u043d \u043f\u043e\u0441\u0442\u0440\u043e\u0435\u043d \u043d\u0430 \u0431\u0430\u0437\u0435 \u043c\u0430\u0442\u0440\u0438\u0446\u044b Super AMOLED, \u043a\u043e\u0442\u043e\u0440\u0430\u044f \u043e\u0442\u043b\u0438\u0447\u0430\u0435\u0442\u0441\u044f \u0448\u0438\u0440\u043e\u043a\u0438\u043c\u0438 \u0443\u0433\u043b\u0430\u043c\u0438 \u043e\u0431\u0437\u043e\u0440\u0430 \u0438 \u043d\u0430\u0441\u044b\u0449\u0435\u043d\u043d\u043e\u0441\u0442\u044c\u044e \u0446\u0432\u0435\u0442\u043e\u0432. \u0420\u0430\u0437\u0440\u0435\u0448\u0430\u044e\u0449\u0430\u044f \u0441\u043f\u043e\u0441\u043e\u0431\u043d\u043e\u0441\u0442\u044c \u044d\u043a\u0440\u0430\u043d\u0430 \u0441\u043e\u0441\u0442\u0430\u0432\u043b\u044f\u0435\u0442 2560 x 1600 \u043f\u0438\u043a\u0441\u0435\u043b\u0435\u0439. \u0418\u0437\u043e\u0431\u0440\u0430\u0436\u0435\u043d\u0438\u0435 \u043f\u043e\u0440\u0430\u0434\u0443\u0435\u0442 \u0432\u0430\u0441 \u044f\u0440\u043a\u043e\u0441\u0442\u044c\u044e, \u0440\u0435\u0430\u043b\u0438\u0441\u0442\u0438\u0447\u043d\u043e\u0441\u0442\u044c\u044e \u0438 \u0432\u044b\u0441\u043e\u043a\u043e\u0439 \u043f\u0440\u043e\u0440\u0438\u0441\u043e\u0432\u043a\u043e\u0439 \u0434\u0435\u0442\u0430\u043b\u0435\u0439.\r\n\u0422\u0415\u0425\u041d\u0418\u0427\u0415\u0421\u041a\u0418\u0415 \u041f\u0410\u0420\u0410\u041c\u0415\u0422\u0420\u042b\r\n\u041f\u043b\u0430\u043d\u0448\u0435\u0442 SAMSUNG \u0444\u0443\u043d\u043a\u0446\u0438\u043e\u043d\u0438\u0440\u0443\u0435\u0442 \u043f\u043e\u0434 \u0443\u043f\u0440\u0430\u0432\u043b\u0435\u043d\u0438\u0435\u043c 8-\u044f\u0434\u0435\u0440\u043d\u043e\u0433\u043e \u043f\u0440\u043e\u0446\u0435\u0441\u0441\u043e\u0440\u0430 Qualcomm Snapdragon 835 MSM8998 \u0441 \u043c\u0430\u043a\u0441\u0438\u043c\u0430\u043b\u044c\u043d\u043e\u0439 \u0447\u0430\u0441\u0442\u043e\u0442\u043e\u0439 2.35 \u0413\u0413\u0446. \u0417\u0430 \u043e\u0431\u0440\u0430\u0431\u043e\u0442\u043a\u0443 \u0438 \u0432\u044b\u0432\u043e\u0434 \u0433\u0440\u0430\u0444\u0438\u0447\u0435\u0441\u043a\u043e\u0433\u043e \u0438\u0437\u043e\u0431\u0440\u0430\u0436\u0435\u043d\u0438\u044f \u043e\u0442\u0432\u0435\u0447\u0430\u0435\u0442 \u0432\u0438\u0434\u0435\u043e\u0447\u0438\u043f Adreno 540. \u041e\u043f\u0435\u0440\u0430\u0442\u0438\u0432\u043d\u0430\u044f \u043f\u0430\u043c\u044f\u0442\u044c \u043e\u0431\u044a\u0435\u043c\u043e\u043c 4 \u0413\u0431 \u043f\u043e\u0434\u0434\u0435\u0440\u0436\u0438\u0432\u0430\u0435\u0442 \u043f\u0440\u043e\u0438\u0437\u0432\u043e\u0434\u0438\u0442\u0435\u043b\u044c\u043d\u043e\u0441\u0442\u044c \u0441\u0438\u0441\u0442\u0435\u043c\u044b \u0432 \u043c\u043d\u043e\u0433\u043e\u0437\u0430\u0434\u0430\u0447\u043d\u043e\u043c \u0440\u0435\u0436\u0438\u043c\u0435. \u0423\u0441\u0442\u0440\u043e\u0439\u0441\u0442\u0432\u043e \u0438\u043c\u0435\u0435\u0442 64 \u0413\u0431 \u0432\u0441\u0442\u0440\u043e\u0435\u043d\u043d\u043e\u0439 \u043f\u0430\u043c\u044f\u0442\u0438 \u0434\u043b\u044f \u043f\u043e\u0441\u0442\u043e\u044f\u043d\u043d\u043e\u0433\u043e \u0445\u0440\u0430\u043d\u0435\u043d\u0438\u044f \u043f\u0440\u0438\u043b\u043e\u0436\u0435\u043d\u0438\u0439, \u043c\u0435\u0434\u0438\u0430\u043a\u043e\u043d\u0442\u0435\u043d\u0442\u0430 \u0438 \u043b\u0438\u0447\u043d\u044b\u0445 \u0434\u043e\u043a\u0443\u043c\u0435\u043d\u0442\u043e\u0432 \u043f\u043e\u043b\u044c\u0437\u043e\u0432\u0430\u0442\u0435\u043b\u044f. \u041f\u0440\u0438 \u043d\u0435\u043e\u0431\u0445\u043e\u0434\u0438\u043c\u043e\u0441\u0442\u0438 \u0435\u0435 \u043c\u043e\u0436\u043d\u043e \u0440\u0430\u0441\u0448\u0438\u0440\u0438\u0442\u044c \u0434\u043e 400 \u0413\u0431 \u043f\u043e\u0441\u0440\u0435\u0434\u0441\u0442\u0432\u043e\u043c \u043a\u0430\u0440\u0442\u044b MicroSD.\r\n\u041a\u0410\u041c\u0415\u0420\u042b\r\n\u041c\u043e\u043c\u0435\u043d\u0442\u0430\u043b\u044c\u043d\u043e \u0437\u0430\u043f\u0435\u0447\u0430\u0442\u043b\u0435\u0442\u044c \u043b\u0443\u0447\u0448\u0438\u0435 \u043c\u0433\u043d\u043e\u0432\u0435\u043d\u0438\u044f \u0432\u0430\u0448\u0435\u0439 \u0436\u0438\u0437\u043d\u0438 \u043f\u043e\u0437\u0432\u043e\u043b\u0438\u0442 \u043e\u0441\u043d\u043e\u0432\u043d\u0430\u044f 13-\u043c\u0435\u0433\u0430\u043f\u0438\u043a\u0441\u0435\u043b\u044c\u043d\u0430\u044f \u043a\u0430\u043c\u0435\u0440\u0430 \u0441\u043e \u0432\u0441\u043f\u044b\u0448\u043a\u043e\u0439. \u0412\u044b \u0441\u043c\u043e\u0436\u0435\u0442\u0435 \u0434\u0435\u043b\u0430\u0442\u044c \u0447\u0435\u0442\u043a\u0438\u0435 \u0441\u043d\u0438\u043c\u043a\u0438 \u0441 \u0432\u044b\u0441\u043e\u043a\u043e\u0439 \u043f\u0440\u043e\u0440\u0438\u0441\u043e\u0432\u043a\u043e\u0439 \u0434\u0435\u0442\u0430\u043b\u0435\u0439 \u0438 \u0437\u0430\u043f\u0438\u0441\u044b\u0432\u0430\u0442\u044c \u0432\u0438\u0434\u0435\u043e \u043c\u0430\u043a\u0441\u0438\u043c\u0430\u043b\u044c\u043d\u044b\u043c \u0440\u0430\u0437\u0440\u0435\u0448\u0435\u043d\u0438\u0435\u043c 2160p@30fps. \u0424\u0440\u043e\u043d\u0442\u0430\u043b\u044c\u043d\u0430\u044f \u043a\u0430\u043c\u0435\u0440\u0430 \u043d\u0430 8 \u041c\u043f \u0441\u043e\u0437\u0434\u0430\u043d\u0430 \u0434\u043b\u044f \u044f\u0440\u043a\u0438\u0445 \u0441\u0435\u043b\u0444\u0438 \u0438 \u043e\u0441\u0443\u0449\u0435\u0441\u0442\u0432\u043b\u0435\u043d\u0438\u044f \u0432\u0438\u0434\u0435\u043e\u0437\u0432\u043e\u043d\u043a\u043e\u0432.\r\n\u0417\u0412\u0423\u041a\r\n\u041f\u043b\u0430\u043d\u0448\u0435\u0442 \u043e\u0431\u043e\u0440\u0443\u0434\u043e\u0432\u0430\u043d \u0447\u0435\u0442\u044b\u0440\u044c\u043c\u044f \u0434\u0438\u043d\u0430\u043c\u0438\u043a\u0430\u043c\u0438 AKG \u0441 \u0430\u0443\u0434\u0438\u043e\u0442\u0435\u0445\u043d\u043e\u043b\u043e\u0433\u0438\u0435\u0439 Dolby Atmos, \u043e\u0431\u0435\u0441\u043f\u0435\u0447\u0438\u0432\u0430\u044e\u0449\u0435\u0439 \u0447\u0438\u0441\u0442\u044b\u0439 3D-\u0437\u0432\u0443\u043a. \u0414\u0430\u043d\u043d\u0430\u044f \u0442\u0435\u0445\u043d\u043e\u043b\u043e\u0433\u0438\u044f \u043f\u043e\u0434\u0434\u0435\u0440\u0436\u0438\u0432\u0430\u0435\u0442 \u0447\u0435\u0442\u043a\u043e\u0435 \u0432\u043e\u0441\u043f\u0440\u043e\u0438\u0437\u0432\u0435\u0434\u0435\u043d\u0438\u0435 \u043c\u0443\u0437\u044b\u043a\u0438 \u0431\u0435\u0437 \u0438\u0441\u043a\u0430\u0436\u0435\u043d\u0438\u0439 \u0438 \u0431\u0435\u0437 \u043f\u0435\u0440\u0435\u043f\u0430\u0434\u043e\u0432 \u0434\u0430\u0436\u0435 \u043d\u0430 \u043c\u0430\u043a\u0441\u0438\u043c\u0430\u043b\u044c\u043d\u043e\u0439 \u0433\u0440\u043e\u043c\u043a\u043e\u0441\u0442\u0438.",
      "is_active": true,
      "created": "2019-02-03T19:10:46.990Z",
      "updated": "2019-02-03T19:39:35.016Z"
   }
},
{
   "model": "products.product",
   "pk": 12,
   "fields": {
      "name": "Samsung Galaxy Tab A",
      "price": "12000.00",
      "new_models": false,
      "discount": 8,
      "category": 2,
      "short_description": "\u0414\u0438\u0430\u0433\u043e\u043d\u0430\u043b\u044c: 10.5'' / \u041f\u043e\u0434\u0434\u0435\u0440\u0436\u043a\u0430 \u0441\u0435\u0442\u0438 Wi-Fi: \u0434\u0430 / 3G \u0438\u043d\u0442\u0435\u0440\u043d\u0435\u0442: \u0434\u0430 / 4G (LTE) \u0438\u043d\u0442\u0435\u0440\u043d\u0435\u0442: \u0434\u0430 / \u041e\u043f\u0435\u0440\u0430\u0442\u0438\u0432\u043d\u0430\u044f \u043f\u0430\u043c\u044f\u0442\u044c: 3072\u041c\u0431 / \u0412\u0441\u0442\u0440\u043e\u0435\u043d\u043d\u0430\u044f \u043f\u0430\u043c\u044f\u0442\u044c: 32\u0413\u0411 / \u0420\u0430\u0437\u0440\u0435\u0448\u0435\u043d\u0438\u0435 \u043e\u0441\u043d\u043e\u0432\u043d\u043e\u0439 \u043a\u0430\u043c\u0435\u0440\u044b: 8 \u041c\u043f / \u0420\u0430\u0437\u0440\u0435\u0448\u0435\u043d\u0438\u0435 \u0444\u0440\u043e\u043d\u0442\u0430\u043b\u044c\u043d\u043e\u0439 \u043a\u0430\u043c\u0435\u0440\u044b: 5 \u041c\u043f / \u041d\u0430\u0437\u0432\u0430\u043d\u0438\u0435 \u041e\u0421: Android / \u0412\u0441\u0442\u0440\u043e\u0435\u043d\u043d\u044b\u0439 GPS: \u0434\u0430 / \u041f\u0440\u0435\u0434\u0443\u0441\u0442\u0430\u043d\u043e\u0432\u043b\u0435\u043d\u043d\u044b\u0435 \u043a\u0430\u0440\u0442\u044b: \u0413\u041b\u041e\u041d\u0410\u0421\u0421",
      "description": "\u0423\u043b\u0443\u0447\u0448\u0435\u043d\u043d\u044b\u0435 \u0440\u0430\u0431\u043e\u0447\u0438\u0435 \u0445\u0430\u0440\u0430\u043a\u0442\u0435\u0440\u0438\u0441\u0442\u0438\u043a\u0438\r\n\u0411\u043b\u0430\u0433\u043e\u0434\u0430\u0440\u044f \u043d\u043e\u0432\u043e\u043c\u0443 \u043f\u0440\u043e\u0446\u0435\u0441\u0441\u043e\u0440\u0443 \u0438 3 \u0413\u0411 \u043e\u043f\u0435\u0440\u0430\u0442\u0438\u0432\u043d\u043e\u0439 \u043f\u0430\u043c\u044f\u0442\u0438 \u0432 Galaxy Tab A (2018, 10.5) \u0443\u0434\u0430\u043b\u043e\u0441\u044c \u0434\u043e\u0441\u0442\u0438\u0447\u044c \u0432\u044b\u0441\u043e\u043a\u043e\u0439 \u043f\u0440\u043e\u0438\u0437\u0432\u043e\u0434\u0438\u0442\u0435\u043b\u044c\u043d\u043e\u0441\u0442\u0438 \u0438 \u043f\u043b\u0430\u0432\u043d\u043e\u0441\u0442\u0438 \u0440\u0430\u0431\u043e\u0442\u044b. \u041a\u0440\u043e\u043c\u0435 \u0442\u043e\u0433\u043e, \u0432 \u043f\u043b\u0430\u043d\u0448\u0435\u0442\u0435 \u0438\u043c\u0435\u0435\u0442\u0441\u044f 32 \u0413\u0411 \u0432\u0441\u0442\u0440\u043e\u0435\u043d\u043d\u043e\u0439 \u043f\u0430\u043c\u044f\u0442\u0438 \u0438 \u0441\u043b\u043e\u0442 \u0434\u043b\u044f micro SD \u043a\u0430\u0440\u0442\u044b, \u043f\u043e\u0437\u0432\u043e\u043b\u044f\u044e\u0449\u0438\u0439 \u0440\u0430\u0441\u0448\u0438\u0440\u0438\u0442\u044c \u043f\u0430\u043c\u044f\u0442\u044c \u043f\u043b\u0430\u043d\u0448\u0435\u0442\u0430 \u0434\u043e 400 \u0413\u0411 \u0434\u043b\u044f \u0445\u0440\u0430\u043d\u0435\u043d\u0438\u044f \u0431\u043e\u043b\u044c\u0448\u0438\u0445 \u0432\u0438\u0434\u0435\u043e\u0444\u0430\u0439\u043b\u043e\u0432 HD \u0444\u043e\u0440\u043c\u0430\u0442\u0430.\r\n\u041f\u043e\u043b\u0435\u0437\u043d\u044b\u0439 \u0434\u0430\u0436\u0435 \u0432 \u0440\u0435\u0436\u0438\u043c\u0435 \u043e\u0436\u0438\u0434\u0430\u043d\u0438\u044f\r\n/\r\n\u0420\u0430\u0441\u0448\u0438\u0440\u044c \u0441\u0432\u043e\u0439 \u0432\u0437\u0433\u043b\u044f\u0434 \u043d\u0430 \u043c\u0438\u0440\r\n\u0412 Bixby \u041a\u0430\u043c\u0435\u0440\u0430 \u0432\u044b \u043c\u043e\u0436\u0435\u0442\u0435 \u0438\u0441\u043f\u043e\u043b\u044c\u0437\u043e\u0432\u0430\u0442\u044c \u0444\u0443\u043d\u043a\u0446\u0438\u044e \u043f\u043e\u0438\u0441\u043a\u0430 \u041c\u0435\u0441\u0442\u0430 \u043f\u043e\u0431\u043b\u0438\u0437\u043e\u0441\u0442\u0438 \u0434\u043b\u044f \u043f\u043e\u043b\u0443\u0447\u0435\u043d\u0438\u044f \u0438\u043d\u0444\u043e\u0440\u043c\u0430\u0446\u0438\u0438 \u0432 \u0440\u0435\u0430\u043b\u044c\u043d\u043e\u043c \u0432\u0440\u0435\u043c\u0435\u043d\u0438. \u0421 \u043f\u043e\u043c\u043e\u0449\u044c\u044e \u0438\u043a\u043e\u043d\u043a\u0438 Bixby \u041a\u0430\u043c\u0435\u0440\u0430 \u0432 \u0432\u0438\u0434\u043e\u0438\u0441\u043a\u0430\u0442\u0435\u043b\u0435 \u043a\u0430\u043c\u0435\u0440\u044b \u0432\u044b \u043c\u043e\u0436\u0435\u0442\u0435 \u043d\u0430\u0439\u0442\u0438 \u043c\u0430\u0433\u0430\u0437\u0438\u043d, \u0432 \u043a\u043e\u0442\u043e\u0440\u043e\u043c \u043f\u0440\u043e\u0434\u0430\u0435\u0442\u0441\u044f \u0442\u043e\u0432\u0430\u0440, \u043f\u043e\u043f\u0430\u0432\u0448\u0438\u0439 \u0432 \u043f\u043e\u043b\u0435 \u0437\u0440\u0435\u043d\u0438\u044f \u043a\u0430\u043c\u0435\u0440\u044b; \u043a\u0440\u043e\u043c\u0435 \u0442\u043e\u0433\u043e, \u0430\u043d\u0430\u043b\u043e\u0433\u0438\u0447\u043d\u044b\u043c \u043e\u0431\u0440\u0430\u0437\u043e\u043c \u043c\u043e\u0436\u043d\u043e \u043d\u0430\u0439\u0442\u0438 \u043c\u0435\u0441\u0442\u043e, \u0433\u0434\u0435 \u043d\u0430\u0445\u043e\u0434\u0438\u0442\u0441\u044f \u043e\u0431\u044a\u0435\u043a\u0442 (\u0434\u043e\u043c, \u0434\u043e\u0441\u0442\u043e\u043f\u0440\u0438\u043c\u0435\u0447\u0430\u0442\u0435\u043b\u044c\u043d\u043e\u0441\u0442\u044c) \u0438 \u0434\u0430\u0436\u0435 \u043f\u0435\u0440\u0435\u0432\u0435\u0441\u0442\u0438 \u0441 \u0438\u043d\u043e\u0441\u0442\u0440\u0430\u043d\u043d\u043e\u0433\u043e \u044f\u0437\u044b\u043a\u0430 \u0442\u0435\u043a\u0441\u0442\u044b \u0438\u043d\u0444\u043e\u0440\u043c\u0430\u0446\u0438\u043e\u043d\u043d\u044b\u0445 \u0442\u0430\u0431\u043b\u043e \u0438\u043b\u0438 \u0431\u043b\u044e\u0434\u0430 \u0432 \u043c\u0435\u043d\u044e \u0440\u0435\u0441\u0442\u043e\u0440\u0430\u043d\u0430.",
      "is_active": true,
      "created": "2019-02-03T19:24:24.730Z",
      "updated": "2019-02-03T19:43:00.679Z"
   }
},
{
   "model": "products.product",
   "pk": 13,
   "fields": {
      "name": "Samsung Galaxy Tab E (9.6, 3G)",
      "price": "4700.00",
      "new_models": false,
      "discount": 15,
      "category": 2,
      "short_description": "\u0414\u0438\u0430\u0433\u043e\u043d\u0430\u043b\u044c: 9.6'' / \u041f\u043e\u0434\u0434\u0435\u0440\u0436\u043a\u0430 \u0441\u0435\u0442\u0438 Wi-Fi: \u0434\u0430 / 3G \u0438\u043d\u0442\u0435\u0440\u043d\u0435\u0442: \u0434\u0430 / 4G (LTE) \u0438\u043d\u0442\u0435\u0440\u043d\u0435\u0442: \u043d\u0435\u0442 / \u041e\u043f\u0435\u0440\u0430\u0442\u0438\u0432\u043d\u0430\u044f \u043f\u0430\u043c\u044f\u0442\u044c: 1500\u041c\u0431 / \u0412\u0441\u0442\u0440\u043e\u0435\u043d\u043d\u0430\u044f \u043f\u0430\u043c\u044f\u0442\u044c: 8\u0413\u0411 / \u041f\u0440\u043e\u0438\u0437\u0432\u043e\u0434\u0438\u0442\u0435\u043b\u044c \u043f\u0440\u043e\u0446\u0435\u0441\u0441\u043e\u0440\u0430: Spreadtrum / \u0420\u0430\u0437\u0440\u0435\u0448\u0435\u043d\u0438\u0435 \u043e\u0441\u043d\u043e\u0432\u043d\u043e\u0439 \u043a\u0430\u043c\u0435\u0440\u044b: 5 \u041c\u043f / \u0420\u0430\u0437\u0440\u0435\u0448\u0435\u043d\u0438\u0435 \u0444\u0440\u043e\u043d\u0442\u0430\u043b\u044c\u043d\u043e\u0439 \u043a\u0430\u043c\u0435\u0440\u044b: 2 \u041c\u043f / \u041d\u0430\u0437\u0432\u0430\u043d\u0438\u0435 \u041e\u0421: Android / \u0412\u0441\u0442\u0440\u043e\u0435\u043d\u043d\u044b\u0439 GPS: \u0434\u0430 / \u041f\u0440\u0435\u0434\u0443\u0441\u0442\u0430\u043d\u043e\u0432\u043b\u0435\u043d\u043d\u044b\u0435 \u043a\u0430\u0440\u0442\u044b: \u0413\u041b\u041e\u041d\u0410\u0421\u0421",
      "description": "\u0421\u0440\u0435\u0434\u0438 \u043f\u043b\u0430\u043d\u0448\u0435\u0442\u043e\u0432 \u0441 \u043f\u043e\u0445\u043e\u0436\u0438\u043c\u0438 \u0432\u043e\u0437\u043c\u043e\u0436\u043d\u043e\u0441\u0442\u044f\u043c\u0438 SAMSUNG SM-T561NZNASEK \u0432\u044b\u0434\u0435\u043b\u044f\u0435\u0442\u0441\u044f \u0441\u0432\u043e\u0438\u043c \u0434\u0438\u0437\u0430\u0439\u043d\u043e\u043c: \u043a\u043e\u0440\u043f\u0443\u0441 \u0432\u044b\u043f\u043e\u043b\u043d\u0435\u043d \u0432 \u043f\u0435\u0440\u043b\u0430\u043c\u0443\u0442\u0440\u043e\u0432\u043e-\u043a\u043e\u0440\u0438\u0447\u043d\u0435\u0432\u043e\u043c \u0446\u0432\u0435\u0442\u0435 \u0441 \u0442\u0435\u043a\u0441\u0442\u0443\u0440\u0438\u0440\u043e\u0432\u0430\u043d\u043d\u043e\u0439 \u0437\u0430\u0434\u043d\u0435\u0439 \u043a\u0440\u044b\u0448\u043a\u043e\u0439. \u0411\u043b\u0430\u0433\u043e\u0434\u0430\u0440\u044f \u0432\u0441\u0435\u043c\u0443 \u044d\u0442\u043e\u043c\u0443 \u0434\u0435\u0440\u0436\u0430\u0442\u044c \u0435\u0433\u043e \u0432 \u0440\u0443\u043a\u0430\u0445 \u2013 \u043e\u0434\u043d\u043e \u0443\u0434\u043e\u0432\u043e\u043b\u044c\u0441\u0442\u0432\u0438\u0435.\r\n/\r\n\u041c\u043d\u043e\u0433\u043e\u0437\u0430\u0434\u0430\u0447\u043d\u043e\u0441\u0442\u044c\r\n\r\n\u042d\u0442\u043e\u0442 \u043f\u043b\u0430\u043d\u0448\u0435\u0442 \u043f\u0440\u0438\u0432\u043b\u0435\u043a\u0430\u0435\u0442 \u0432\u043d\u0438\u043c\u0430\u043d\u0438\u0435 \u043d\u0435 \u0442\u043e\u043b\u044c\u043a\u043e \u0432\u043d\u0435\u0448\u043d\u0438\u043c \u0432\u0438\u0434\u043e\u043c, \u043f\u043e\u0434 \u043a\u0440\u044b\u0448\u043a\u043e\u0439 \u0443 \u043d\u0435\u0433\u043e 4-\u044f\u0434\u0435\u0440\u043d\u044b\u0439 \u043f\u0440\u043e\u0446\u0435\u0441\u0441\u043e\u0440 \u0441 \u0442\u0430\u043a\u0442\u043e\u0432\u043e\u0439 \u0447\u0430\u0441\u0442\u043e\u0442\u043e\u0439 1.3 \u0413\u0413\u0446. \u041e\u043f\u0435\u0440\u0430\u0442\u0438\u0432\u043d\u043e\u0439 \u043f\u0430\u043c\u044f\u0442\u0438 \u0432 \u0443\u0441\u0442\u0440\u043e\u0439\u0441\u0442\u0432\u0435 \u2013 1500 \u041c\u0431. \u042d\u0442\u043e \u043f\u043e\u0437\u0432\u043e\u043b\u044f\u0435\u0442 \u0440\u0430\u0431\u043e\u0442\u0430\u0442\u044c \u043e\u0434\u043d\u043e\u0432\u0440\u0435\u043c\u0435\u043d\u043d\u043e \u0441 \u043d\u0435\u0441\u043a\u043e\u043b\u044c\u043a\u0438\u043c\u0438 \u043f\u0440\u0438\u043b\u043e\u0436\u0435\u043d\u0438\u044f\u043c\u0438.\r\n/\r\n\u0415\u0441\u043b\u0438 \u0432\u0441\u0442\u0440\u043e\u0435\u043d\u043d\u043e\u0439 \u043f\u0430\u043c\u044f\u0442\u0438 \u043e\u0431\u044a\u0435\u043c\u043e\u043c 8 \u0413\u0431 \u043e\u043a\u0430\u0436\u0435\u0442\u0441\u044f \u043d\u0435\u0434\u043e\u0441\u0442\u0430\u0442\u043e\u0447\u043d\u043e, \u043a \u0432\u0430\u0448\u0438\u043c \u0443\u0441\u043b\u0443\u0433\u0430\u043c MicroSD-\u0440\u0430\u0437\u044a\u0435\u043c \u0434\u043b\u044f \u0435\u0435 \u0440\u0430\u0441\u0448\u0438\u0440\u0435\u043d\u0438\u044f \u2013 \u043f\u043e\u0434\u0434\u0435\u0440\u0436\u0438\u0432\u0430\u044e\u0442\u0441\u044f \u043a\u0430\u0440\u0442\u044b \u043f\u0430\u043c\u044f\u0442\u0438 \u043e\u0431\u044a\u0435\u043c\u043e\u043c \u0434\u043e 128 \u0413\u0431.\r\n/\r\n\u0412\u0441\u0435\u0433\u0434\u0430 \u043e\u043d\u043b\u0430\u0439\u043d\r\n\r\n\u041f\u043b\u0430\u043d\u0448\u0435\u0442 SAMSUNG SM-T561NZNASEK \u043f\u043e\u0434\u0434\u0435\u0440\u0436\u0438\u0432\u0430\u0435\u0442 3G. \u041f\u0440\u043e\u0441\u0442\u043e \u043f\u043e\u0441\u0442\u0430\u0432\u044c\u0442\u0435 \u0441\u0432\u043e\u044e Micro-SIM \u0432 \u0441\u043f\u0435\u0446\u0438\u0430\u043b\u044c\u043d\u044b\u0439 \u0441\u043b\u043e\u0442. \u0421 \u043f\u043e\u043c\u043e\u0449\u044c\u044e \u043f\u043b\u0430\u043d\u0448\u0435\u0442\u0430 \u0442\u0435\u043f\u0435\u0440\u044c \u043c\u043e\u0436\u043d\u043e \u0440\u0435\u0448\u0430\u0442\u044c \u043b\u044e\u0431\u044b\u0435 \u0440\u0430\u0431\u043e\u0447\u0438\u0435 \u0432\u043e\u043f\u0440\u043e\u0441\u044b, \u043d\u0430\u0445\u043e\u0434\u044f\u0441\u044c \u0437\u0430 \u043f\u0440\u0435\u0434\u0435\u043b\u0430\u043c\u0438 \u043e\u0444\u0438\u0441\u0430 \u0438\u043b\u0438 \u0434\u043e\u043c\u0430.\r\n/\r\n\u0410 \u0435\u0441\u043b\u0438 \u0437\u0430\u043a\u043e\u043d\u0447\u0438\u043b\u0438\u0441\u044c \u0434\u0435\u043d\u044c\u0433\u0438 \u043d\u0430 \u0441\u0447\u0435\u0442\u0443 \u2013 \u043d\u0435 \u043f\u0440\u043e\u0431\u043b\u0435\u043c\u0430, \u043d\u0430\u0439\u0434\u0438\u0442\u0435 \u0431\u043b\u0438\u0436\u0430\u0439\u0448\u0443\u044e \u0442\u043e\u0447\u043a\u0443 \u0434\u043e\u0441\u0442\u0443\u043f\u0430 \u043a Wi-Fi \u0438 \u0440\u0430\u0431\u043e\u0442\u0430\u0439\u0442\u0435 \u0432 \u0438\u043d\u0442\u0435\u0440\u043d\u0435\u0442\u0435 \u0431\u0435\u0441\u043f\u043b\u0430\u0442\u043d\u043e. \u0421\u043e\u0440\u0438\u0435\u043d\u0442\u0438\u0440\u043e\u0432\u0430\u0442\u044c\u0441\u044f \u0436\u0435 \u043d\u0430 \u043c\u0435\u0441\u0442\u043d\u043e\u0441\u0442\u0438 \u043f\u043e\u043c\u043e\u0436\u0435\u0442 \u0432\u0441\u0442\u0440\u043e\u0435\u043d\u043d\u044b\u0439 GPS \u0438 \u043f\u0440\u0435\u0434\u0443\u0441\u0442\u0430\u043d\u043e\u0432\u043b\u0435\u043d\u043d\u044b\u0435 \u0441\u043f\u0443\u0442\u043d\u0438\u043a\u043e\u0432\u044b\u0435 \u043a\u0430\u0440\u0442\u044b \u0413\u041b\u041e\u041d\u0410\u0421\u0421.\r\n/\r\n\u0421\u043d\u0438\u043c\u043a\u0438 \u043d\u0430 \u0445\u043e\u0434\u0443\r\n\r\n\u0415\u0441\u043b\u0438 \u0432\u043d\u0438\u043c\u0430\u0442\u0435\u043b\u044c\u043d\u043e \u043f\u043e\u0441\u043c\u043e\u0442\u0440\u0435\u0442\u044c \u043d\u0430 \u043f\u043b\u0430\u043d\u0448\u0435\u0442 SAMSUNG SM-T561NZNASEK, \u043c\u043e\u0436\u043d\u043e \u0437\u0430\u043c\u0435\u0442\u0438\u0442\u044c \u0446\u0435\u043b\u044b\u0445 \u0434\u0432\u0430 \u043e\u043a\u043e\u0448\u043a\u0430 \u043a\u0430\u043c\u0435\u0440 \u2013 \u043d\u0430 \u0437\u0430\u0434\u043d\u0435\u0439 \u0438 \u043d\u0430 \u043f\u0435\u0440\u0435\u0434\u043d\u0435\u0439 \u043f\u0430\u043d\u0435\u043b\u0438. \u041a\u0430\u0436\u0434\u0430\u044f \u0438\u0437 \u043d\u0438\u0445 \u0434\u0435\u043b\u0430\u0435\u0442 \u0444\u043e\u0442\u043e \u043e\u0442\u043b\u0438\u0447\u043d\u043e\u0433\u043e \u043a\u0430\u0447\u0435\u0441\u0442\u0432\u0430, \u043e\u0441\u043d\u043e\u0432\u043d\u0430\u044f \u0432 \u0440\u0430\u0437\u0440\u0435\u0448\u0435\u043d\u0438\u0438 5 \u041c\u043f, \u0430 \u0444\u0440\u043e\u043d\u0442\u0430\u043b\u044c\u043d\u0430\u044f \u2013 2 \u041c\u043f.\r\n/\r\n\u041e\u0444\u0438\u0441 \u0432 \u043a\u0430\u0440\u043c\u0430\u043d\u0435\r\n\r\n\u0427\u0442\u043e\u0431\u044b \u043f\u043e\u0440\u0430\u0431\u043e\u0442\u0430\u0442\u044c \u0441 \u043e\u0444\u0438\u0441\u043d\u044b\u043c\u0438 \u043f\u0440\u0438\u043b\u043e\u0436\u0435\u043d\u0438\u044f\u043c\u0438, \u0432\u0430\u043c \u0431\u0443\u0434\u0435\u0442 \u0434\u043e\u0441\u0442\u0430\u0442\u043e\u0447\u043d\u043e \u0441\u043a\u0430\u0447\u0430\u0442\u044c \u0441\u043f\u0435\u0446\u0438\u0430\u043b\u044c\u043d\u043e\u0435 \u043f\u0440\u0438\u043b\u043e\u0436\u0435\u043d\u0438\u0435 Hancom \u0438\u0437 \u043c\u0430\u0433\u0430\u0437\u0438\u043d\u0430 Samsung Apps. \u041e\u043d\u043e \u043f\u043e\u0437\u0432\u043e\u043b\u0438\u0442 \u0432\u0430\u043c \u043e\u0442\u043a\u0440\u044b\u0432\u0430\u0442\u044c \u0438 \u0440\u0435\u0434\u0430\u043a\u0442\u0438\u0440\u043e\u0432\u0430\u0442\u044c \u0444\u0430\u0439\u043b\u044b \u043f\u0430\u043a\u0435\u0442\u0430 Microsoft: Word, Excel \u0438 Power Point.",
      "is_active": true,
      "created": "2019-02-03T19:38:01.396Z",
      "updated": "2019-02-03T19:38:01.396Z"
   }
},
{
   "model": "products.product",
   "pk": 14,
   "fields": {
      "name": "Samsung Galaxy Tab S3 LTE",
      "price": "22000.00",
      "new_models": false,
      "discount": 0,
      "category": 2,
      "short_description": "\u0414\u0438\u0430\u0433\u043e\u043d\u0430\u043b\u044c: 9.7'' / \u041f\u043e\u0434\u0434\u0435\u0440\u0436\u043a\u0430 \u0441\u0435\u0442\u0438 Wi-Fi: \u0434\u0430 / 3G \u0438\u043d\u0442\u0435\u0440\u043d\u0435\u0442: \u0434\u0430 / 4G (LTE) \u0438\u043d\u0442\u0435\u0440\u043d\u0435\u0442: \u0434\u0430 / \u041e\u043f\u0435\u0440\u0430\u0442\u0438\u0432\u043d\u0430\u044f \u043f\u0430\u043c\u044f\u0442\u044c: 4096\u041c\u0431 / \u0412\u0441\u0442\u0440\u043e\u0435\u043d\u043d\u0430\u044f \u043f\u0430\u043c\u044f\u0442\u044c: 32\u0413\u0411 / \u041f\u0440\u043e\u0438\u0437\u0432\u043e\u0434\u0438\u0442\u0435\u043b\u044c \u043f\u0440\u043e\u0446\u0435\u0441\u0441\u043e\u0440\u0430: Qualcomm / \u0420\u0430\u0437\u0440\u0435\u0448\u0435\u043d\u0438\u0435 \u043e\u0441\u043d\u043e\u0432\u043d\u043e\u0439 \u043a\u0430\u043c\u0435\u0440\u044b: 13 \u041c\u043f / \u0420\u0430\u0437\u0440\u0435\u0448\u0435\u043d\u0438\u0435 \u0444\u0440\u043e\u043d\u0442\u0430\u043b\u044c\u043d\u043e\u0439 \u043a\u0430\u043c\u0435\u0440\u044b: 5 \u041c\u043f / \u041d\u0430\u0437\u0432\u0430\u043d\u0438\u0435 \u041e\u0421: Android / \u0412\u0441\u0442\u0440\u043e\u0435\u043d\u043d\u044b\u0439 GPS: \u0434\u0430",
      "description": "\u0412\u043f\u0435\u0440\u0432\u044b\u0435 \u0432 \u0438\u0441\u0442\u043e\u0440\u0438\u0438 \u043f\u043e\u043b\u044c\u0437\u043e\u0432\u0430\u0442\u0435\u043b\u0438 \u0441\u043c\u043e\u0433\u0443\u0442 \u043d\u0430\u0441\u043b\u0430\u0434\u0438\u0442\u044c\u0441\u044f \u0438\u0437\u044f\u0449\u043d\u043e\u0441\u0442\u044c\u044e \u0441\u043c\u0430\u0440\u0442\u0444\u043e\u043d\u0430 \u0441\u043e \u0432\u0441\u0435\u043c\u0438 \u043f\u0440\u0435\u0438\u043c\u0443\u0449\u0435\u0441\u0442\u0432\u0430\u043c\u0438 \u043f\u043b\u0430\u043d\u0448\u0435\u0442\u0430. \u0413\u043b\u044f\u043d\u0446\u0435\u0432\u0430\u044f \u043f\u043e\u0432\u0435\u0440\u0445\u043d\u043e\u0441\u0442\u044c \u0441\u0442\u0435\u043a\u043b\u044f\u043d\u043d\u043e\u0439 \u0437\u0430\u0434\u043d\u0435\u0439 \u043f\u0430\u043d\u0435\u043b\u0438 Galaxy Tab S3 \u043e\u0431\u0435\u0441\u043f\u0435\u0447\u0438\u0432\u0430\u0435\u0442 \u043f\u0440\u0435\u043c\u0438\u0430\u043b\u044c\u043d\u044b\u0439 \u0432\u043d\u0435\u0448\u043d\u0438\u0439 \u0432\u0438\u0434, \u043a\u043e\u0442\u043e\u0440\u044b\u0439 \u0442\u0430\u043a\u0436\u0435 \u0441\u043e\u0437\u0434\u0430\u0435\u0442 \u043f\u0440\u0438\u044f\u0442\u043d\u043e\u0435 \u043e\u0449\u0443\u0449\u0435\u043d\u0438\u0435, \u043a\u043e\u0433\u0434\u0430 \u0432\u044b \u0434\u0435\u0440\u0436\u0438\u0442\u0435 \u043f\u043b\u0430\u043d\u0448\u0435\u0442 \u0432 \u0440\u0443\u043a\u0430\u0445./ \u041a\u043e\u0433\u0434\u0430 \u0434\u0435\u043b\u043e \u043a\u0430\u0441\u0430\u0435\u0442\u0441\u044f \u043f\u0440\u043e\u0441\u043c\u043e\u0442\u0440\u0430 \u0444\u043e\u0442\u043e \u0438\u043b\u0438 \u0432\u0438\u0434\u0435\u043e, \u0437\u0434\u0435\u0441\u044c \u0434\u0435\u0439\u0441\u0442\u0432\u0443\u0435\u0442 \u043f\u0440\u0430\u0432\u0438\u043b\u043e \"\u0447\u0435\u043c \u044f\u0440\u0447\u0435, \u0442\u0435\u043c \u043b\u0443\u0447\u0448\u0435\". \u042d\u043a\u0440\u0430\u043d Galaxy Tab S3 \u043e\u0431\u0435\u0441\u043f\u0435\u0447\u0438\u0432\u0430\u0435\u0442 \u044f\u0440\u043a\u0438\u0435 \u0438 \u043a\u0440\u0430\u0441\u043e\u0447\u043d\u044b\u0435 \u0438\u0437\u043e\u0431\u0440\u0430\u0436\u0435\u043d\u0438\u044f, \u0430 \u0431\u043b\u0430\u0433\u043e\u0434\u0430\u0440\u044f \u0432\u043e\u0437\u043c\u043e\u0436\u043d\u043e\u0441\u0442\u044f\u043c \u0432\u043e\u0441\u043f\u0440\u043e\u0438\u0437\u0432\u0435\u0434\u0435\u043d\u0438\u044f HDR \u0432\u0438\u0434\u0435\u043e, \u0432\u044b \u043f\u043e\u043b\u0443\u0447\u0438\u0442\u0435 \u043c\u0430\u043a\u0441\u0438\u043c\u0430\u043b\u044c\u043d\u043e \u0440\u0435\u0430\u043b\u0438\u0441\u0442\u0438\u0447\u043d\u043e\u0435 \u0438\u0437\u043e\u0431\u0440\u0430\u0436\u0435\u043d\u0438\u0435./ \u0411\u0443\u0434\u044c \u0442\u043e \u043f\u0440\u043e\u0441\u043c\u043e\u0442\u0440 \u0444\u0438\u043b\u044c\u043c\u043e\u0432 \u0438\u043b\u0438 \u0438\u0433\u0440\u0430 \u0432 \u043b\u044e\u0431\u0438\u043c\u044b\u0435 \u0438\u0433\u0440\u044b, Galaxy Tab S3 \u043e\u0431\u0435\u0441\u043f\u0435\u0447\u0438\u0442 \u0432\u0430\u043c \u043a\u0430\u0447\u0435\u0441\u0442\u0432\u0435\u043d\u043d\u0443\u044e \u043a\u0430\u0440\u0442\u0438\u043d\u043a\u0443. \u041f\u043b\u0430\u043d\u0448\u0435\u0442 \u043e\u0441\u043d\u0430\u0449\u0435\u043d \u043f\u0440\u043e\u0446\u0435\u0441\u0441\u043e\u0440\u043e\u043c Snapdragon 820, \u043a\u043e\u0442\u043e\u0440\u044b\u0439 \u0443\u0441\u0442\u0430\u043d\u0430\u0432\u043b\u0438\u0432\u0430\u0435\u0442 \u043d\u043e\u0432\u044b\u0439 \u0441\u0442\u0430\u043d\u0434\u0430\u0440\u0442 \u0434\u043b\u044f \u043f\u0440\u043e\u0438\u0437\u0432\u043e\u0434\u0438\u0442\u0435\u043b\u044c\u043d\u043e\u0441\u0442\u0438 CPU \u0438 GPU. \u041f\u043e\u0434\u0434\u0435\u0440\u0436\u043a\u0430 Vulkan API \u0434\u043b\u044f \u0441\u043e\u0437\u0434\u0430\u043d\u0438\u044f \u0432\u044b\u0441\u043e\u043a\u043e\u043a\u0430\u0447\u0435\u0441\u0442\u0432\u0435\u043d\u043d\u043e\u0439 \u0433\u0440\u0430\u0444\u0438\u043a\u0438 \u043f\u043e\u0434\u043d\u0438\u043c\u0435\u0442 \u0432\u0430\u0448\u0438 \u0438\u0433\u0440\u044b \u043d\u0430 \u0441\u043e\u0432\u0435\u0440\u0448\u0435\u043d\u043d\u043e \u043d\u043e\u0432\u044b\u0439 \u0443\u0440\u043e\u0432\u0435\u043d\u044c, \u0430 \u0431\u043b\u0430\u0433\u043e\u0434\u0430\u0440\u044f \u043f\u043e\u0434\u0434\u0435\u0440\u0436\u043a\u0435 \u043f\u0440\u043e\u0441\u043c\u043e\u0442\u0440\u0430 HDR \u0432\u0438\u0434\u0435\u043e \u043a\u0430\u0436\u0434\u0430\u044f \u0441\u0446\u0435\u043d\u0430 \u0431\u0443\u0434\u0442\u043e \u043e\u0436\u0438\u0432\u0430\u0435\u0442 \u043f\u0435\u0440\u0435\u0434 \u0432\u0430\u0448\u0438\u043c\u0438 \u0433\u043b\u0430\u0437\u0430\u043c\u0438.",
      "is_active": true,
      "created": "2019-02-03T19:50:59.434Z",
      "updated": "2019-02-05T21:27:47.140Z"
   }
},
{
   "model": "products.productimage",
   "pk": 8,
   "fields": {
      "product": 3,
      "image": "static/media/products_images/ua-galaxy-j5-2017-sm-j530fzknsek-frontblack-68362626_cTBbEMk.webp",
      "is_main": true,
      "is_active": true,
      "description": "",
      "created": "2018-12-30T22:55:28.418Z",
      "updated": "2019-01-27T22:47:27.529Z"
   }
},
{
   "model": "products.productimage",
   "pk": 9,
   "fields": {
      "product": 3,
      "image": "static/media/products_images/ua-galaxy-j5-2017-sm-j530fzknsek-backblack-68362615_hLUXeYg.webp",
      "is_main": false,
      "is_active": true,
      "description": "",
      "created": "2018-12-30T22:55:28.452Z",
      "updated": "2019-01-27T22:47:27.555Z"
   }
},
{
   "model": "products.productimage",
   "pk": 10,
   "fields": {
      "product": 3,
      "image": "static/media/products_images/ua-galaxy-j5-2017-sm-j530fzknsek-lperspectiveblack-6836261_1WIiTyr.webp",
      "is_main": false,
      "is_active": true,
      "description": "",
      "created": "2018-12-30T22:55:28.470Z",
      "updated": "2019-01-27T22:47:27.563Z"
   }
},
{
   "model": "products.productimage",
   "pk": 11,
   "fields": {
      "product": 4,
      "image": "static/media/products_images/ua-galaxy-j7-2017-sm-j730fzsnsek-Blue-68490839.webp",
      "is_main": true,
      "is_active": true,
      "description": "",
      "created": "2018-12-30T22:56:02.036Z",
      "updated": "2019-01-18T21:20:20.106Z"
   }
},
{
   "model": "products.productimage",
   "pk": 12,
   "fields": {
      "product": 4,
      "image": "static/media/products_images/ua-galaxy-j7-2017-sm-j730fzsnsek-Blue-68490848.webp",
      "is_main": false,
      "is_active": true,
      "description": "",
      "created": "2018-12-30T22:56:02.042Z",
      "updated": "2018-12-30T22:56:02.042Z"
   }
},
{
   "model": "products.productimage",
   "pk": 13,
   "fields": {
      "product": 4,
      "image": "static/media/products_images/ua-galaxy-j7-2017-sm-j730fzsnsek-Blue-68490854.webp",
      "is_main": false,
      "is_active": true,
      "description": "",
      "created": "2018-12-30T22:56:02.046Z",
      "updated": "2018-12-30T22:56:02.046Z"
   }
},
{
   "model": "products.productimage",
   "pk": 15,
   "fields": {
      "product": 5,
      "image": "static/media/products_images/ua-galaxy-j8-j810-sm-j810fzkdsek-frontblack-109453320.webp",
      "is_main": true,
      "is_active": true,
      "description": "",
      "created": "2019-01-16T21:14:39.362Z",
      "updated": "2019-01-21T21:26:29.877Z"
   }
},
{
   "model": "products.productimage",
   "pk": 16,
   "fields": {
      "product": 5,
      "image": "static/media/products_images/ua-galaxy-j8-j810-sm-j810fzkdsek-backblack-109453295.webp",
      "is_main": false,
      "is_active": true,
      "description": "",
      "created": "2019-01-16T21:14:39.366Z",
      "updated": "2019-01-21T21:26:29.893Z"
   }
},
{
   "model": "products.productimage",
   "pk": 17,
   "fields": {
      "product": 5,
      "image": "static/media/products_images/ua-galaxy-j8-j810-sm-j810fzkdsek-featureblack-109453304.webp",
      "is_main": false,
      "is_active": true,
      "description": "",
      "created": "2019-01-16T21:14:39.411Z",
      "updated": "2019-01-21T21:26:29.897Z"
   }
},
{
   "model": "products.productimage",
   "pk": 18,
   "fields": {
      "product": 1,
      "image": "static/media/products_images/ua-galaxy-a9-a920-sm-a920fzkdsek-frontblack-122255609.webp",
      "is_main": true,
      "is_active": true,
      "description": "",
      "created": "2019-01-16T21:37:18.741Z",
      "updated": "2019-01-18T23:18:49.518Z"
   }
},
{
   "model": "products.productimage",
   "pk": 19,
   "fields": {
      "product": 1,
      "image": "static/media/products_images/ua-galaxy-a9-a920-sm-a920fzkdsek-backblack-122255598.webp",
      "is_main": false,
      "is_active": true,
      "description": "",
      "created": "2019-01-16T21:39:21.807Z",
      "updated": "2019-01-18T23:18:49.571Z"
   }
},
{
   "model": "products.productimage",
   "pk": 20,
   "fields": {
      "product": 1,
      "image": "static/media/products_images/ua-galaxy-a9-a920-sm-a920fzkdsek-rperspectiveblack-122255599.webp",
      "is_main": false,
      "is_active": true,
      "description": "",
      "created": "2019-01-16T21:39:21.877Z",
      "updated": "2019-01-18T23:18:49.667Z"
   }
},
{
   "model": "products.productimage",
   "pk": 21,
   "fields": {
      "product": 6,
      "image": "static/media/products_images/ua-galaxy-s8-plus-g955-sm-g955fzddsek-frontgold-62951450.webp",
      "is_main": true,
      "is_active": true,
      "description": "",
      "created": "2019-01-18T23:41:49.140Z",
      "updated": "2019-01-21T21:39:54.142Z"
   }
},
{
   "model": "products.productimage",
   "pk": 22,
   "fields": {
      "product": 6,
      "image": "static/media/products_images/ua-galaxy-s8-plus-g955-sm-g955fzddsek-backgold-62951439.webp",
      "is_main": false,
      "is_active": true,
      "description": "",
      "created": "2019-01-18T23:41:49.144Z",
      "updated": "2019-01-21T21:39:54.168Z"
   }
},
{
   "model": "products.productimage",
   "pk": 23,
   "fields": {
      "product": 6,
      "image": "static/media/products_images/ua-galaxy-s8-plus-g955-sm-g955fzddsek-lperspectivegold-62951442.webp",
      "is_main": false,
      "is_active": true,
      "description": "",
      "created": "2019-01-18T23:41:49.171Z",
      "updated": "2019-01-21T21:39:54.172Z"
   }
},
{
   "model": "products.productimage",
   "pk": 24,
   "fields": {
      "product": 7,
      "image": "static/media/products_images/ua-galaxy-watch-r800-sm-r800nzsasek-frontsilver-112373345.webp",
      "is_main": true,
      "is_active": true,
      "description": "",
      "created": "2019-01-23T20:22:32.342Z",
      "updated": "2019-01-23T20:23:24.683Z"
   }
},
{
   "model": "products.productimage",
   "pk": 25,
   "fields": {
      "product": 7,
      "image": "static/media/products_images/ua-galaxy-watch-r800-sm-r800nzsasek-dynamicsilver-112373334.webp",
      "is_main": false,
      "is_active": true,
      "description": "",
      "created": "2019-01-23T20:22:32.378Z",
      "updated": "2019-01-23T20:23:24.707Z"
   }
},
{
   "model": "products.productimage",
   "pk": 26,
   "fields": {
      "product": 7,
      "image": "static/media/products_images/ua-galaxy-watch-r800-sm-r800nzsasek-rperspectivesilver-112373335.webp",
      "is_main": false,
      "is_active": true,
      "description": "",
      "created": "2019-01-23T20:22:32.444Z",
      "updated": "2019-01-23T20:23:24.711Z"
   }
},
{
   "model": "products.productimage",
   "pk": 27,
   "fields": {
      "product": 8,
      "image": "static/media/products_images/ua-gear-sport-sm-r600nzbasek-frontblue-78742962.webp",
      "is_main": true,
      "is_active": true,
      "description": "",
      "created": "2019-01-23T20:42:45.880Z",
      "updated": "2019-01-23T20:42:45.880Z"
   }
},
{
   "model": "products.productimage",
   "pk": 28,
   "fields": {
      "product": 8,
      "image": "static/media/products_images/ua-gear-sport-sm-r600nzbasek-dynamicblue-78742934.webp",
      "is_main": false,
      "is_active": true,
      "description": "",
      "created": "2019-01-23T20:42:45.884Z",
      "updated": "2019-01-23T20:42:45.884Z"
   }
},
{
   "model": "products.productimage",
   "pk": 29,
   "fields": {
      "product": 8,
      "image": "static/media/products_images/ua-gear-sport-sm-r600nzbasek-lperspectiveblue-78742935.webp",
      "is_main": false,
      "is_active": true,
      "description": "",
      "created": "2019-01-23T20:42:45.908Z",
      "updated": "2019-01-23T20:42:45.908Z"
   }
},
{
   "model": "products.productimage",
   "pk": 30,
   "fields": {
      "product": 9,
      "image": "static/media/products_images/ua-gear-fit2-pro-sm-r365nzrasek-frontred-78742671_kp59som.webp",
      "is_main": true,
      "is_active": true,
      "description": "",
      "created": "2019-01-23T20:51:01.983Z",
      "updated": "2019-01-23T20:52:39.298Z"
   }
},
{
   "model": "products.productimage",
   "pk": 31,
   "fields": {
      "product": 9,
      "image": "static/media/products_images/ua-gear-fit2-pro-sm-r365nzrasek-dynamicred-78742660_4qLzYQM.webp",
      "is_main": false,
      "is_active": true,
      "description": "",
      "created": "2019-01-23T20:51:02.008Z",
      "updated": "2019-01-23T20:52:39.305Z"
   }
},
{
   "model": "products.productimage",
   "pk": 32,
   "fields": {
      "product": 9,
      "image": "static/media/products_images/ua-gear-fit2-pro-sm-r365nzrasek-dynamicred-78742661.webp",
      "is_main": false,
      "is_active": true,
      "description": "",
      "created": "2019-01-23T20:51:02.010Z",
      "updated": "2019-01-23T20:51:02.010Z"
   }
},
{
   "model": "products.productimage",
   "pk": 33,
   "fields": {
      "product": 10,
      "image": "static/media/products_images/ua-gear-s3-classic-r770-sm-r770nzsasek-silver-Front-61162399.webp",
      "is_main": true,
      "is_active": true,
      "description": "",
      "created": "2019-01-23T21:00:19.160Z",
      "updated": "2019-01-23T21:00:54.788Z"
   }
},
{
   "model": "products.productimage",
   "pk": 34,
   "fields": {
      "product": 10,
      "image": "static/media/products_images/ua-gear-s3-classic-r770-sm-r770nzsasek-silver-Back-61162407.webp",
      "is_main": false,
      "is_active": true,
      "description": "",
      "created": "2019-01-23T21:00:19.166Z",
      "updated": "2019-01-23T21:00:19.166Z"
   }
},
{
   "model": "products.productimage",
   "pk": 35,
   "fields": {
      "product": 10,
      "image": "static/media/products_images/ua-gear-s3-classic-r770-sm-r770nzsasek-silver-L30-61162429.webp",
      "is_main": false,
      "is_active": true,
      "description": "",
      "created": "2019-01-23T21:00:19.210Z",
      "updated": "2019-01-23T21:00:19.210Z"
   }
},
{
   "model": "products.productimage",
   "pk": 36,
   "fields": {
      "product": 11,
      "image": "static/media/products_images/ua-galaxy-tabs4-t835-sm-t835nzkasek-frontblack-110630252.webp",
      "is_main": true,
      "is_active": true,
      "description": "",
      "created": "2019-02-03T19:10:47.153Z",
      "updated": "2019-02-03T19:10:47.153Z"
   }
},
{
   "model": "products.productimage",
   "pk": 37,
   "fields": {
      "product": 11,
      "image": "static/media/products_images/ua-galaxy-tabs4-t835-sm-t835nzkasek-backblack-110630235.webp",
      "is_main": false,
      "is_active": true,
      "description": "",
      "created": "2019-02-03T19:10:47.156Z",
      "updated": "2019-02-03T19:10:47.156Z"
   }
},
{
   "model": "products.productimage",
   "pk": 38,
   "fields": {
      "product": 11,
      "image": "static/media/products_images/ua-galaxy-tabs4-t835-sm-t835nzkasek-leftblack-110630236.webp",
      "is_main": false,
      "is_active": true,
      "description": "",
      "created": "2019-02-03T19:10:47.159Z",
      "updated": "2019-02-03T19:10:47.159Z"
   }
},
{
   "model": "products.productimage",
   "pk": 39,
   "fields": {
      "product": 12,
      "image": "static/media/products_images/ua-galaxy-taba-t590-sm-t595nzaasek-frontgray-117729087.webp",
      "is_main": true,
      "is_active": true,
      "description": "",
      "created": "2019-02-03T19:24:24.761Z",
      "updated": "2019-02-03T19:24:24.761Z"
   }
},
{
   "model": "products.productimage",
   "pk": 40,
   "fields": {
      "product": 12,
      "image": "static/media/products_images/ua-galaxy-taba-t590-sm-t595nzaasek-backgray-117729076.webp",
      "is_main": false,
      "is_active": true,
      "description": "",
      "created": "2019-02-03T19:24:24.766Z",
      "updated": "2019-02-03T19:24:24.766Z"
   }
},
{
   "model": "products.productimage",
   "pk": 41,
   "fields": {
      "product": 12,
      "image": "static/media/products_images/ua-galaxy-taba-t590-sm-t595nzaasek-dynamicgray-117729080.webp",
      "is_main": false,
      "is_active": true,
      "description": "",
      "created": "2019-02-03T19:24:24.769Z",
      "updated": "2019-02-03T19:24:24.769Z"
   }
},
{
   "model": "products.productimage",
   "pk": 42,
   "fields": {
      "product": 13,
      "image": "static/media/products_images/ua-galaxy-tab-e-9-6-t561-sm-t561nznasek-000000001-front-brown.webp",
      "is_main": true,
      "is_active": true,
      "description": "",
      "created": "2019-02-03T19:38:01.400Z",
      "updated": "2019-02-03T19:38:01.400Z"
   }
},
{
   "model": "products.productimage",
   "pk": 43,
   "fields": {
      "product": 13,
      "image": "static/media/products_images/ua-galaxy-tab-e-9-6-t561-sm-t561nznasek-000000002-back-brown.webp",
      "is_main": false,
      "is_active": true,
      "description": "",
      "created": "2019-02-03T19:38:01.454Z",
      "updated": "2019-02-03T19:38:01.454Z"
   }
},
{
   "model": "products.productimage",
   "pk": 44,
   "fields": {
      "product": 13,
      "image": "static/media/products_images/ua-galaxy-tab-e-9-6-t561-sm-t561nznasek-000000007-dynamic-brown.webp",
      "is_main": false,
      "is_active": true,
      "description": "",
      "created": "2019-02-03T19:38:01.475Z",
      "updated": "2019-02-03T19:38:01.475Z"
   }
},
{
   "model": "products.productimage",
   "pk": 45,
   "fields": {
      "product": 14,
      "image": "static/media/products_images/ua-galaxy-tab-s3-sm-t825nzkasek-sm-t825nzsasek-frontsilver_cC2BxXL.webp",
      "is_main": true,
      "is_active": true,
      "description": "",
      "created": "2019-02-03T19:50:59.443Z",
      "updated": "2019-02-05T21:27:47.144Z"
   }
},
{
   "model": "products.productimage",
   "pk": 46,
   "fields": {
      "product": 14,
      "image": "static/media/products_images/ua-galaxy-tab-s3-sm-t825nzkasek-sm-t825nzsasek-backsilver-61600036.webp",
      "is_main": false,
      "is_active": true,
      "description": "",
      "created": "2019-02-03T19:50:59.447Z",
      "updated": "2019-02-03T19:50:59.447Z"
   }
},
{
   "model": "products.productimage",
   "pk": 47,
   "fields": {
      "product": 14,
      "image": "static/media/products_images/ua-galaxy-tab-s3-sm-t825nzkasek-sm-t825nzsasek-dynamicsilv_R6KRBkg.webp",
      "is_main": false,
      "is_active": true,
      "description": "",
      "created": "2019-02-03T19:50:59.483Z",
      "updated": "2019-02-05T21:27:47.146Z"
   }
},
{
   "model": "orders.status",
   "pk": 1,
   "fields": {
      "name": "\u041d\u043e\u0432\u044b\u0439",
      "is_active": true,
      "created": "2018-12-28T23:17:03.369Z",
      "updated": "2018-12-28T23:17:03.369Z"
   }
},
{
   "model": "orders.status",
   "pk": 2,
   "fields": {
      "name": "\u0412 \u0440\u0430\u0431\u043e\u0442\u0435",
      "is_active": true,
      "created": "2018-12-28T23:17:21.543Z",
      "updated": "2018-12-28T23:17:21.543Z"
   }
},
{
   "model": "orders.status",
   "pk": 3,
   "fields": {
      "name": "\u041e\u0442\u043c\u0435\u043d\u0435\u043d",
      "is_active": true,
      "created": "2018-12-28T23:17:36.442Z",
      "updated": "2018-12-28T23:17:36.442Z"
   }
},
{
   "model": "orders.status",
   "pk": 4,
   "fields": {
      "name": "\u0412\u044b\u043f\u043e\u043b\u043d\u0435\u043d",
      "is_active": true,
      "created": "2018-12-28T23:17:43.610Z",
      "updated": "2018-12-28T23:18:27.586Z"
   }
},
{
   "model": "orders.productinorder",
   "pk": 7,
   "fields": {
      "order": 6,
      "product": 3,
      "nmb": 5,
      "price_per_item": "4600.00",
      "total_price": "23000.00",
      "is_active": true,
      "created": "2019-01-15T21:17:26.083Z",
      "updated": "2019-01-15T21:17:26.083Z"
   }
},
{
   "model": "orders.productinorder",
   "pk": 8,
   "fields": {
      "order": 6,
      "product": 4,
      "nmb": 5,
      "price_per_item": "5800.00",
      "total_price": "29000.00",
      "is_active": true,
      "created": "2019-01-15T21:17:26.684Z",
      "updated": "2019-01-15T21:17:26.684Z"
   }
},
{
   "model": "orders.productinorder",
   "pk": 10,
   "fields": {
      "order": 7,
      "product": 3,
      "nmb": 5,
      "price_per_item": "4600.00",
      "total_price": "23000.00",
      "is_active": true,
      "created": "2019-01-15T21:28:30.238Z",
      "updated": "2019-01-15T21:28:30.238Z"
   }
},
{
   "model": "orders.productinorder",
   "pk": 11,
   "fields": {
      "order": 7,
      "product": 4,
      "nmb": 5,
      "price_per_item": "5800.00",
      "total_price": "29000.00",
      "is_active": true,
      "created": "2019-01-15T21:28:30.669Z",
      "updated": "2019-01-15T21:28:30.669Z"
   }
},
{
   "model": "orders.productinorder",
   "pk": 13,
   "fields": {
      "order": 8,
      "product": 3,
      "nmb": 5,
      "price_per_item": "4600.00",
      "total_price": "23000.00",
      "is_active": true,
      "created": "2019-01-15T21:28:36.882Z",
      "updated": "2019-01-15T21:28:36.883Z"
   }
},
{
   "model": "orders.productinorder",
   "pk": 14,
   "fields": {
      "order": 8,
      "product": 4,
      "nmb": 5,
      "price_per_item": "5800.00",
      "total_price": "29000.00",
      "is_active": true,
      "created": "2019-01-15T21:28:37.625Z",
      "updated": "2019-01-15T21:28:37.625Z"
   }
},
{
   "model": "orders.productinorder",
   "pk": 16,
   "fields": {
      "order": 9,
      "product": 3,
      "nmb": 5,
      "price_per_item": "4600.00",
      "total_price": "23000.00",
      "is_active": true,
      "created": "2019-01-15T21:28:46.763Z",
      "updated": "2019-01-15T21:28:46.763Z"
   }
},
{
   "model": "orders.productinorder",
   "pk": 17,
   "fields": {
      "order": 9,
      "product": 4,
      "nmb": 5,
      "price_per_item": "5800.00",
      "total_price": "29000.00",
      "is_active": true,
      "created": "2019-01-15T21:28:47.471Z",
      "updated": "2019-01-15T21:28:47.471Z"
   }
},
{
   "model": "orders.productinorder",
   "pk": 19,
   "fields": {
      "order": 10,
      "product": 1,
      "nmb": 2,
      "price_per_item": "20800.00",
      "total_price": "41600.00",
      "is_active": true,
      "created": "2019-01-15T21:49:34.265Z",
      "updated": "2019-01-15T21:49:34.265Z"
   }
},
{
   "model": "orders.productinorder",
   "pk": 21,
   "fields": {
      "order": 11,
      "product": 1,
      "nmb": 1,
      "price_per_item": "20800.00",
      "total_price": "20800.00",
      "is_active": true,
      "created": "2019-01-15T21:56:10.181Z",
      "updated": "2019-01-15T21:56:10.181Z"
   }
},
{
   "model": "orders.productinorder",
   "pk": 22,
   "fields": {
      "order": 12,
      "product": 1,
      "nmb": 1,
      "price_per_item": "20800.00",
      "total_price": "20800.00",
      "is_active": true,
      "created": "2019-01-15T21:56:42.063Z",
      "updated": "2019-01-15T21:56:42.063Z"
   }
},
{
   "model": "orders.productinorder",
   "pk": 24,
   "fields": {
      "order": 14,
      "product": 3,
      "nmb": 3,
      "price_per_item": "4600.00",
      "total_price": "13800.00",
      "is_active": true,
      "created": "2019-01-15T22:14:01.464Z",
      "updated": "2019-01-15T22:14:01.464Z"
   }
},
{
   "model": "orders.productinorder",
   "pk": 25,
   "fields": {
      "order": 15,
      "product": 3,
      "nmb": 3,
      "price_per_item": "4600.00",
      "total_price": "13800.00",
      "is_active": true,
      "created": "2019-01-15T22:14:14.509Z",
      "updated": "2019-01-15T22:14:14.509Z"
   }
},
{
   "model": "orders.productinorder",
   "pk": 26,
   "fields": {
      "order": 16,
      "product": 7,
      "nmb": 1,
      "price_per_item": "8600.00",
      "total_price": "8600.00",
      "is_active": true,
      "created": "2019-02-05T18:59:34.990Z",
      "updated": "2019-02-05T18:59:34.990Z"
   }
},
{
   "model": "orders.productinorder",
   "pk": 27,
   "fields": {
      "order": 17,
      "product": 9,
      "nmb": 1,
      "price_per_item": "6000.00",
      "total_price": "6000.00",
      "is_active": true,
      "created": "2019-02-05T20:17:26.083Z",
      "updated": "2019-02-05T20:17:26.083Z"
   }
},
{
   "model": "orders.productinbasket",
   "pk": 86,
   "fields": {
      "session_key": "cp1imkdy71u9ygr995iblhx9uqi73gmn",
      "order": 15,
      "product": 3,
      "nmb": 3,
      "price_per_item": "4600.00",
      "total_price": "13800.00",
      "is_active": false,
      "created": "2019-01-15T22:09:55.139Z",
      "updated": "2019-01-15T22:14:14.227Z"
   }
},
{
   "model": "orders.productinbasket",
   "pk": 87,
   "fields": {
      "session_key": "cp1imkdy71u9ygr995iblhx9uqi73gmn",
      "order": null,
      "product": 4,
      "nmb": 1,
      "price_per_item": "5800.00",
      "total_price": "5800.00",
      "is_active": true,
      "created": "2019-01-15T22:14:30.440Z",
      "updated": "2019-01-15T22:14:30.440Z"
   }
},
{
   "model": "orders.productinbasket",
   "pk": 89,
   "fields": {
      "session_key": "h4nu5gctl9snrqbrs3vkql5m3gpg648j",
      "order": null,
      "product": 6,
      "nmb": 1,
      "price_per_item": "20000.00",
      "total_price": "20000.00",
      "is_active": true,
      "created": "2019-01-21T22:08:11.564Z",
      "updated": "2019-01-21T22:08:11.564Z"
   }
},
{
   "model": "orders.productinbasket",
   "pk": 90,
   "fields": {
      "session_key": "h4nu5gctl9snrqbrs3vkql5m3gpg648j",
      "order": null,
      "product": 5,
      "nmb": 4,
      "price_per_item": "7800.00",
      "total_price": "31200.00",
      "is_active": true,
      "created": "2019-01-21T22:09:17.871Z",
      "updated": "2019-01-27T23:48:30.679Z"
   }
},
{
   "model": "orders.productinbasket",
   "pk": 91,
   "fields": {
      "session_key": "h4nu5gctl9snrqbrs3vkql5m3gpg648j",
      "order": null,
      "product": 1,
      "nmb": 2,
      "price_per_item": "15000.00",
      "total_price": "30000.00",
      "is_active": true,
      "created": "2019-01-21T22:22:25.214Z",
      "updated": "2019-01-21T22:22:43.548Z"
   }
},
{
   "model": "orders.productinbasket",
   "pk": 92,
   "fields": {
      "session_key": "mf198e1kt7lrc50zehozrjmhlt2qz84p",
      "order": 16,
      "product": 7,
      "nmb": 1,
      "price_per_item": "8600.00",
      "total_price": "8600.00",
      "is_active": false,
      "created": "2019-02-05T18:59:01.658Z",
      "updated": "2019-02-05T18:59:34.863Z"
   }
},
{
   "model": "orders.productinbasket",
   "pk": 93,
   "fields": {
      "session_key": "yqcjeelm0fujfhx76da0wv16ohvr3fle",
      "order": 17,
      "product": 9,
      "nmb": 1,
      "price_per_item": "6000.00",
      "total_price": "6000.00",
      "is_active": false,
      "created": "2019-02-05T20:16:32.715Z",
      "updated": "2019-02-05T20:17:25.896Z"
   }
},
{
   "model": "orders.productinbasket",
   "pk": 94,
   "fields": {
      "session_key": "yqcjeelm0fujfhx76da0wv16ohvr3fle",
      "order": null,
      "product": 7,
      "nmb": 1,
      "price_per_item": "8600.00",
      "total_price": "8600.00",
      "is_active": true,
      "created": "2019-02-07T18:29:14.599Z",
      "updated": "2019-02-07T18:29:14.599Z"
   }
},
{
   "model": "auth.permission",
   "pk": 1,
   "fields": {
      "name": "Can add log entry",
      "content_type": 1,
      "codename": "add_logentry"
   }
},
{
   "model": "auth.permission",
   "pk": 2,
   "fields": {
      "name": "Can change log entry",
      "content_type": 1,
      "codename": "change_logentry"
   }
},
{
   "model": "auth.permission",
   "pk": 3,
   "fields": {
      "name": "Can delete log entry",
      "content_type": 1,
      "codename": "delete_logentry"
   }
},
{
   "model": "auth.permission",
   "pk": 4,
   "fields": {
      "name": "Can view log entry",
      "content_type": 1,
      "codename": "view_logentry"
   }
},
{
   "model": "auth.permission",
   "pk": 5,
   "fields": {
      "name": "Can add permission",
      "content_type": 2,
      "codename": "add_permission"
   }
},
{
   "model": "auth.permission",
   "pk": 6,
   "fields": {
      "name": "Can change permission",
      "content_type": 2,
      "codename": "change_permission"
   }
},
{
   "model": "auth.permission",
   "pk": 7,
   "fields": {
      "name": "Can delete permission",
      "content_type": 2,
      "codename": "delete_permission"
   }
},
{
   "model": "auth.permission",
   "pk": 8,
   "fields": {
      "name": "Can view permission",
      "content_type": 2,
      "codename": "view_permission"
   }
},
{
   "model": "auth.permission",
   "pk": 9,
   "fields": {
      "name": "Can add group",
      "content_type": 3,
      "codename": "add_group"
   }
},
{
   "model": "auth.permission",
   "pk": 10,
   "fields": {
      "name": "Can change group",
      "content_type": 3,
      "codename": "change_group"
   }
},
{
   "model": "auth.permission",
   "pk": 11,
   "fields": {
      "name": "Can delete group",
      "content_type": 3,
      "codename": "delete_group"
   }
},
{
   "model": "auth.permission",
   "pk": 12,
   "fields": {
      "name": "Can view group",
      "content_type": 3,
      "codename": "view_group"
   }
},
{
   "model": "auth.permission",
   "pk": 13,
   "fields": {
      "name": "Can add user",
      "content_type": 4,
      "codename": "add_user"
   }
},
{
   "model": "auth.permission",
   "pk": 14,
   "fields": {
      "name": "Can change user",
      "content_type": 4,
      "codename": "change_user"
   }
},
{
   "model": "auth.permission",
   "pk": 15,
   "fields": {
      "name": "Can delete user",
      "content_type": 4,
      "codename": "delete_user"
   }
},
{
   "model": "auth.permission",
   "pk": 16,
   "fields": {
      "name": "Can view user",
      "content_type": 4,
      "codename": "view_user"
   }
},
{
   "model": "auth.permission",
   "pk": 17,
   "fields": {
      "name": "Can add content type",
      "content_type": 5,
      "codename": "add_contenttype"
   }
},
{
   "model": "auth.permission",
   "pk": 18,
   "fields": {
      "name": "Can change content type",
      "content_type": 5,
      "codename": "change_contenttype"
   }
},
{
   "model": "auth.permission",
   "pk": 19,
   "fields": {
      "name": "Can delete content type",
      "content_type": 5,
      "codename": "delete_contenttype"
   }
},
{
   "model": "auth.permission",
   "pk": 20,
   "fields": {
      "name": "Can view content type",
      "content_type": 5,
      "codename": "view_contenttype"
   }
},
{
   "model": "auth.permission",
   "pk": 21,
   "fields": {
      "name": "Can add session",
      "content_type": 6,
      "codename": "add_session"
   }
},
{
   "model": "auth.permission",
   "pk": 22,
   "fields": {
      "name": "Can change session",
      "content_type": 6,
      "codename": "change_session"
   }
},
{
   "model": "auth.permission",
   "pk": 23,
   "fields": {
      "name": "Can delete session",
      "content_type": 6,
      "codename": "delete_session"
   }
},
{
   "model": "auth.permission",
   "pk": 24,
   "fields": {
      "name": "Can view session",
      "content_type": 6,
      "codename": "view_session"
   }
},
{
   "model": "auth.permission",
   "pk": 25,
   "fields": {
      "name": "Can add subscribers",
      "content_type": 7,
      "codename": "add_subscribers"
   }
},
{
   "model": "auth.permission",
   "pk": 26,
   "fields": {
      "name": "Can change subscribers",
      "content_type": 7,
      "codename": "change_subscribers"
   }
},
{
   "model": "auth.permission",
   "pk": 27,
   "fields": {
      "name": "Can delete subscribers",
      "content_type": 7,
      "codename": "delete_subscribers"
   }
},
{
   "model": "auth.permission",
   "pk": 28,
   "fields": {
      "name": "Can view subscribers",
      "content_type": 7,
      "codename": "view_subscribers"
   }
},
{
   "model": "auth.permission",
   "pk": 29,
   "fields": {
      "name": "Can add subscriber",
      "content_type": 7,
      "codename": "add_subscriber"
   }
},
{
   "model": "auth.permission",
   "pk": 30,
   "fields": {
      "name": "Can change subscriber",
      "content_type": 7,
      "codename": "change_subscriber"
   }
},
{
   "model": "auth.permission",
   "pk": 31,
   "fields": {
      "name": "Can delete subscriber",
      "content_type": 7,
      "codename": "delete_subscriber"
   }
},
{
   "model": "auth.permission",
   "pk": 32,
   "fields": {
      "name": "Can view subscriber",
      "content_type": 7,
      "codename": "view_subscriber"
   }
},
{
   "model": "auth.permission",
   "pk": 33,
   "fields": {
      "name": "Can add \u0422\u043e\u0432\u0430\u0440",
      "content_type": 8,
      "codename": "add_product"
   }
},
{
   "model": "auth.permission",
   "pk": 34,
   "fields": {
      "name": "Can change \u0422\u043e\u0432\u0430\u0440",
      "content_type": 8,
      "codename": "change_product"
   }
},
{
   "model": "auth.permission",
   "pk": 35,
   "fields": {
      "name": "Can delete \u0422\u043e\u0432\u0430\u0440",
      "content_type": 8,
      "codename": "delete_product"
   }
},
{
   "model": "auth.permission",
   "pk": 36,
   "fields": {
      "name": "Can view \u0422\u043e\u0432\u0430\u0440",
      "content_type": 8,
      "codename": "view_product"
   }
},
{
   "model": "auth.permission",
   "pk": 37,
   "fields": {
      "name": "Can add \u0424\u043e\u0442\u043e\u0433\u0440\u0430\u0444\u0438\u044f",
      "content_type": 9,
      "codename": "add_productimage"
   }
},
{
   "model": "auth.permission",
   "pk": 38,
   "fields": {
      "name": "Can change \u0424\u043e\u0442\u043e\u0433\u0440\u0430\u0444\u0438\u044f",
      "content_type": 9,
      "codename": "change_productimage"
   }
},
{
   "model": "auth.permission",
   "pk": 39,
   "fields": {
      "name": "Can delete \u0424\u043e\u0442\u043e\u0433\u0440\u0430\u0444\u0438\u044f",
      "content_type": 9,
      "codename": "delete_productimage"
   }
},
{
   "model": "auth.permission",
   "pk": 40,
   "fields": {
      "name": "Can view \u0424\u043e\u0442\u043e\u0433\u0440\u0430\u0444\u0438\u044f",
      "content_type": 9,
      "codename": "view_productimage"
   }
},
{
   "model": "auth.permission",
   "pk": 41,
   "fields": {
      "name": "Can add \u0421\u0442\u0430\u0442\u0443\u0441 \u0437\u0430\u043a\u0430\u0437\u0430",
      "content_type": 10,
      "codename": "add_status"
   }
},
{
   "model": "auth.permission",
   "pk": 42,
   "fields": {
      "name": "Can change \u0421\u0442\u0430\u0442\u0443\u0441 \u0437\u0430\u043a\u0430\u0437\u0430",
      "content_type": 10,
      "codename": "change_status"
   }
},
{
   "model": "auth.permission",
   "pk": 43,
   "fields": {
      "name": "Can delete \u0421\u0442\u0430\u0442\u0443\u0441 \u0437\u0430\u043a\u0430\u0437\u0430",
      "content_type": 10,
      "codename": "delete_status"
   }
},
{
   "model": "auth.permission",
   "pk": 44,
   "fields": {
      "name": "Can view \u0421\u0442\u0430\u0442\u0443\u0441 \u0437\u0430\u043a\u0430\u0437\u0430",
      "content_type": 10,
      "codename": "view_status"
   }
},
{
   "model": "auth.permission",
   "pk": 45,
   "fields": {
      "name": "Can add \u0417\u0430\u043a\u0430\u0437",
      "content_type": 11,
      "codename": "add_order"
   }
},
{
   "model": "auth.permission",
   "pk": 46,
   "fields": {
      "name": "Can change \u0417\u0430\u043a\u0430\u0437",
      "content_type": 11,
      "codename": "change_order"
   }
},
{
   "model": "auth.permission",
   "pk": 47,
   "fields": {
      "name": "Can delete \u0417\u0430\u043a\u0430\u0437",
      "content_type": 11,
      "codename": "delete_order"
   }
},
{
   "model": "auth.permission",
   "pk": 48,
   "fields": {
      "name": "Can view \u0417\u0430\u043a\u0430\u0437",
      "content_type": 11,
      "codename": "view_order"
   }
},
{
   "model": "auth.permission",
   "pk": 49,
   "fields": {
      "name": "Can add \u0422\u043e\u0432\u0430\u0440",
      "content_type": 12,
      "codename": "add_productinorder"
   }
},
{
   "model": "auth.permission",
   "pk": 50,
   "fields": {
      "name": "Can change \u0422\u043e\u0432\u0430\u0440",
      "content_type": 12,
      "codename": "change_productinorder"
   }
},
{
   "model": "auth.permission",
   "pk": 51,
   "fields": {
      "name": "Can delete \u0422\u043e\u0432\u0430\u0440",
      "content_type": 12,
      "codename": "delete_productinorder"
   }
},
{
   "model": "auth.permission",
   "pk": 52,
   "fields": {
      "name": "Can view \u0422\u043e\u0432\u0430\u0440",
      "content_type": 12,
      "codename": "view_productinorder"
   }
},
{
   "model": "auth.permission",
   "pk": 53,
   "fields": {
      "name": "Can add \u041a\u0430\u0442\u0435\u0433\u043e\u0440\u0438\u044f \u0442\u043e\u0432\u0430\u0440\u0430",
      "content_type": 13,
      "codename": "add_productcategory"
   }
},
{
   "model": "auth.permission",
   "pk": 54,
   "fields": {
      "name": "Can change \u041a\u0430\u0442\u0435\u0433\u043e\u0440\u0438\u044f \u0442\u043e\u0432\u0430\u0440\u0430",
      "content_type": 13,
      "codename": "change_productcategory"
   }
},
{
   "model": "auth.permission",
   "pk": 55,
   "fields": {
      "name": "Can delete \u041a\u0430\u0442\u0435\u0433\u043e\u0440\u0438\u044f \u0442\u043e\u0432\u0430\u0440\u0430",
      "content_type": 13,
      "codename": "delete_productcategory"
   }
},
{
   "model": "auth.permission",
   "pk": 56,
   "fields": {
      "name": "Can view \u041a\u0430\u0442\u0435\u0433\u043e\u0440\u0438\u044f \u0442\u043e\u0432\u0430\u0440\u0430",
      "content_type": 13,
      "codename": "view_productcategory"
   }
},
{
   "model": "auth.permission",
   "pk": 57,
   "fields": {
      "name": "Can add \u0422\u043e\u0432\u0430\u0440 \u0432 \u043a\u043e\u0440\u0437\u0438\u043d\u0435",
      "content_type": 14,
      "codename": "add_productinbasket"
   }
},
{
   "model": "auth.permission",
   "pk": 58,
   "fields": {
      "name": "Can change \u0422\u043e\u0432\u0430\u0440 \u0432 \u043a\u043e\u0440\u0437\u0438\u043d\u0435",
      "content_type": 14,
      "codename": "change_productinbasket"
   }
},
{
   "model": "auth.permission",
   "pk": 59,
   "fields": {
      "name": "Can delete \u0422\u043e\u0432\u0430\u0440 \u0432 \u043a\u043e\u0440\u0437\u0438\u043d\u0435",
      "content_type": 14,
      "codename": "delete_productinbasket"
   }
},
{
   "model": "auth.permission",
   "pk": 60,
   "fields": {
      "name": "Can view \u0422\u043e\u0432\u0430\u0440 \u0432 \u043a\u043e\u0440\u0437\u0438\u043d\u0435",
      "content_type": 14,
      "codename": "view_productinbasket"
   }
},
{
   "model": "auth.user",
   "pk": 1,
   "fields": {
      "password": "pbkdf2_sha256$120000$8EFbqlqQrT9v$3BYAWONX++9KKI5smsqR3pceod9B38+rTxRJoaBOzoE=",
      "last_login": "2019-02-05T19:01:09.402Z",
      "is_superuser": true,
      "username": "admin",
      "first_name": "",
      "last_name": "",
      "email": "kutsevalov1984@gmail.com",
      "is_staff": true,
      "is_active": true,
      "date_joined": "2018-12-25T19:12:57.281Z",
      "groups": [],
      "user_permissions": []
   }
},
{
   "model": "auth.user",
   "pk": 2,
   "fields": {
      "password": "",
      "last_login": null,
      "is_superuser": false,
      "username": "erg",
      "first_name": "ert",
      "last_name": "",
      "email": "",
      "is_staff": false,
      "is_active": true,
      "date_joined": "2019-01-15T20:52:28.751Z",
      "groups": [],
      "user_permissions": []
   }
},
{
   "model": "auth.user",
   "pk": 3,
   "fields": {
      "password": "",
      "last_login": null,
      "is_superuser": false,
      "username": "123456",
      "first_name": "Test name",
      "last_name": "",
      "email": "",
      "is_staff": false,
      "is_active": true,
      "date_joined": "2019-01-15T21:06:50.930Z",
      "groups": [],
      "user_permissions": []
   }
},
{
   "model": "auth.user",
   "pk": 4,
   "fields": {
      "password": "",
      "last_login": null,
      "is_superuser": false,
      "username": "55555",
      "first_name": "Test name1",
      "last_name": "",
      "email": "",
      "is_staff": false,
      "is_active": true,
      "date_joined": "2019-01-15T21:17:25.600Z",
      "groups": [],
      "user_permissions": []
   }
},
{
   "model": "auth.user",
   "pk": 5,
   "fields": {
      "password": "",
      "last_login": null,
      "is_superuser": false,
      "username": "77777",
      "first_name": "Test name2",
      "last_name": "",
      "email": "",
      "is_staff": false,
      "is_active": true,
      "date_joined": "2019-01-15T21:49:33.720Z",
      "groups": [],
      "user_permissions": []
   }
},
{
   "model": "auth.user",
   "pk": 6,
   "fields": {
      "password": "",
      "last_login": null,
      "is_superuser": false,
      "username": "123456789",
      "first_name": "asdf",
      "last_name": "",
      "email": "",
      "is_staff": false,
      "is_active": true,
      "date_joined": "2019-02-05T18:59:34.495Z",
      "groups": [],
      "user_permissions": []
   }
},
{
   "model": "orders.order",
   "pk": 1,
   "fields": {
      "user": null,
      "total_price": "0.00",
      "customer_name": "Igor",
      "customer_email": null,
      "customer_phone": "1234",
      "customer_address": null,
      "comments": "\u0414\u043e\u0441\u0442\u0430\u0432\u043a\u0430 \u043d\u0430 \u0434\u043e\u043c",
      "status": 1,
      "created": "2018-12-28T23:18:50.714Z",
      "updated": "2018-12-28T23:52:07.923Z"
   }
},
{
   "model": "orders.order",
   "pk": 4,
   "fields": {
      "user": null,
      "total_price": "58800.00",
      "customer_name": null,
      "customer_email": null,
      "customer_phone": null,
      "customer_address": null,
      "comments": "",
      "status": 1,
      "created": "2018-12-29T19:33:17.338Z",
      "updated": "2018-12-29T19:36:20.507Z"
   }
},
{
   "model": "orders.order",
   "pk": 5,
   "fields": {
      "user": 3,
      "total_price": "0.00",
      "customer_name": "Test name",
      "customer_email": null,
      "customer_phone": "123456",
      "customer_address": null,
      "comments": null,
      "status": 1,
      "created": "2019-01-15T21:11:17.418Z",
      "updated": "2019-01-15T21:11:17.418Z"
   }
},
{
   "model": "orders.order",
   "pk": 6,
   "fields": {
      "user": 4,
      "total_price": "166000.00",
      "customer_name": "Test name1",
      "customer_email": null,
      "customer_phone": "55555",
      "customer_address": null,
      "comments": null,
      "status": 1,
      "created": "2019-01-15T21:17:25.804Z",
      "updated": "2019-01-15T21:17:27.165Z"
   }
},
{
   "model": "orders.order",
   "pk": 7,
   "fields": {
      "user": 4,
      "total_price": "166000.00",
      "customer_name": "Test name1",
      "customer_email": null,
      "customer_phone": "55555",
      "customer_address": null,
      "comments": null,
      "status": 1,
      "created": "2019-01-15T21:28:29.817Z",
      "updated": "2019-01-15T21:28:31.111Z"
   }
},
{
   "model": "orders.order",
   "pk": 8,
   "fields": {
      "user": 4,
      "total_price": "166000.00",
      "customer_name": "Test name1",
      "customer_email": null,
      "customer_phone": "55555",
      "customer_address": null,
      "comments": null,
      "status": 1,
      "created": "2019-01-15T21:28:36.593Z",
      "updated": "2019-01-15T21:28:38.312Z"
   }
},
{
   "model": "orders.order",
   "pk": 9,
   "fields": {
      "user": 4,
      "total_price": "166000.00",
      "customer_name": "Test name1",
      "customer_email": null,
      "customer_phone": "55555",
      "customer_address": null,
      "comments": null,
      "status": 1,
      "created": "2019-01-15T21:28:45.699Z",
      "updated": "2019-01-15T21:28:48.705Z"
   }
},
{
   "model": "orders.order",
   "pk": 10,
   "fields": {
      "user": 5,
      "total_price": "117600.00",
      "customer_name": "Test name2",
      "customer_email": null,
      "customer_phone": "77777",
      "customer_address": null,
      "comments": null,
      "status": 1,
      "created": "2019-01-15T21:49:33.976Z",
      "updated": "2019-01-15T21:49:34.779Z"
   }
},
{
   "model": "orders.order",
   "pk": 11,
   "fields": {
      "user": 5,
      "total_price": "20800.00",
      "customer_name": "Test name",
      "customer_email": null,
      "customer_phone": "77777",
      "customer_address": null,
      "comments": null,
      "status": 1,
      "created": "2019-01-15T21:56:09.512Z",
      "updated": "2019-01-15T21:56:10.305Z"
   }
},
{
   "model": "orders.order",
   "pk": 12,
   "fields": {
      "user": 5,
      "total_price": "20800.00",
      "customer_name": "Test name",
      "customer_email": null,
      "customer_phone": "77777",
      "customer_address": null,
      "comments": null,
      "status": 1,
      "created": "2019-01-15T21:56:41.391Z",
      "updated": "2019-01-15T21:56:42.143Z"
   }
},
{
   "model": "orders.order",
   "pk": 13,
   "fields": {
      "user": 4,
      "total_price": "38000.00",
      "customer_name": "Test name1",
      "customer_email": null,
      "customer_phone": "55555",
      "customer_address": null,
      "comments": null,
      "status": 1,
      "created": "2019-01-15T22:09:26.234Z",
      "updated": "2019-01-15T22:09:27.082Z"
   }
},
{
   "model": "orders.order",
   "pk": 14,
   "fields": {
      "user": 3,
      "total_price": "13800.00",
      "customer_name": "Test name",
      "customer_email": null,
      "customer_phone": "123456",
      "customer_address": null,
      "comments": null,
      "status": 1,
      "created": "2019-01-15T22:14:01.062Z",
      "updated": "2019-01-15T22:14:01.662Z"
   }
},
{
   "model": "orders.order",
   "pk": 15,
   "fields": {
      "user": 3,
      "total_price": "13800.00",
      "customer_name": "Test name",
      "customer_email": null,
      "customer_phone": "123456",
      "customer_address": null,
      "comments": null,
      "status": 1,
      "created": "2019-01-15T22:14:13.804Z",
      "updated": "2019-01-15T22:14:14.725Z"
   }
},
{
   "model": "orders.order",
   "pk": 16,
   "fields": {
      "user": 6,
      "total_price": "8600.00",
      "customer_name": "asdf",
      "customer_email": null,
      "customer_phone": "123456789",
      "customer_address": null,
      "comments": null,
      "status": 1,
      "created": "2019-02-05T18:59:34.747Z",
      "updated": "2019-02-05T18:59:35.129Z"
   }
},
{
   "model": "orders.order",
   "pk": 17,
   "fields": {
      "user": 3,
      "total_price": "6000.00",
      "customer_name": "Test name",
      "customer_email": null,
      "customer_phone": "123456",
      "customer_address": null,
      "comments": null,
      "status": 1,
      "created": "2019-02-05T20:17:25.713Z",
      "updated": "2019-02-05T20:17:26.275Z"
   }
},
{
   "model": "admin.logentry",
   "pk": 1,
   "fields": {
      "action_time": "2018-12-25T19:35:54.721Z",
      "user": 1,
      "content_type": 7,
      "object_id": "1",
      "object_repr": "Subscribers object (1)",
      "action_flag": 1,
      "change_message": "[{\"added\": {}}]"
   }
},
{
   "model": "admin.logentry",
   "pk": 2,
   "fields": {
      "action_time": "2018-12-25T20:33:55.941Z",
      "user": 1,
      "content_type": 7,
      "object_id": "3",
      "object_repr": "Subscribers object (3)",
      "action_flag": 3,
      "change_message": ""
   }
},
{
   "model": "admin.logentry",
   "pk": 3,
   "fields": {
      "action_time": "2018-12-25T21:57:18.005Z",
      "user": 1,
      "content_type": 7,
      "object_id": "5",
      "object_repr": "Subscribers object (5)",
      "action_flag": 3,
      "change_message": ""
   }
},
{
   "model": "admin.logentry",
   "pk": 4,
   "fields": {
      "action_time": "2018-12-26T20:25:46.966Z",
      "user": 1,
      "content_type": 7,
      "object_id": "4",
      "object_repr": "\u041f\u043e\u043b\u044c\u0437\u043e\u0432\u0430\u0442\u0435\u043b\u044c test12 Kutsevalov84@gmail.com",
      "action_flag": 2,
      "change_message": "[{\"changed\": {\"fields\": [\"email\"]}}]"
   }
},
{
   "model": "admin.logentry",
   "pk": 5,
   "fields": {
      "action_time": "2018-12-28T22:52:26.389Z",
      "user": 1,
      "content_type": 8,
      "object_id": "1",
      "object_repr": "\u0417\u0430\u043a\u0430\u0437 1",
      "action_flag": 1,
      "change_message": "[{\"added\": {}}]"
   }
},
{
   "model": "admin.logentry",
   "pk": 6,
   "fields": {
      "action_time": "2018-12-28T22:52:45.260Z",
      "user": 1,
      "content_type": 8,
      "object_id": "1",
      "object_repr": "\u0417\u0430\u043a\u0430\u0437 1",
      "action_flag": 2,
      "change_message": "[]"
   }
},
{
   "model": "admin.logentry",
   "pk": 7,
   "fields": {
      "action_time": "2018-12-28T22:56:08.229Z",
      "user": 1,
      "content_type": 9,
      "object_id": "1",
      "object_repr": "\u0417\u0430\u043a\u0430\u0437 1",
      "action_flag": 1,
      "change_message": "[{\"added\": {}}]"
   }
},
{
   "model": "admin.logentry",
   "pk": 8,
   "fields": {
      "action_time": "2018-12-28T22:56:24.286Z",
      "user": 1,
      "content_type": 9,
      "object_id": "2",
      "object_repr": "\u0417\u0430\u043a\u0430\u0437 2",
      "action_flag": 1,
      "change_message": "[{\"added\": {}}]"
   }
},
{
   "model": "admin.logentry",
   "pk": 9,
   "fields": {
      "action_time": "2018-12-28T23:02:45.380Z",
      "user": 1,
      "content_type": 9,
      "object_id": "3",
      "object_repr": "\u0417\u0430\u043a\u0430\u0437 3",
      "action_flag": 1,
      "change_message": "[{\"added\": {}}]"
   }
},
{
   "model": "admin.logentry",
   "pk": 10,
   "fields": {
      "action_time": "2018-12-28T23:05:52.383Z",
      "user": 1,
      "content_type": 9,
      "object_id": "3",
      "object_repr": "\u0417\u0430\u043a\u0430\u0437 3",
      "action_flag": 3,
      "change_message": ""
   }
},
{
   "model": "admin.logentry",
   "pk": 11,
   "fields": {
      "action_time": "2018-12-28T23:06:06.155Z",
      "user": 1,
      "content_type": 9,
      "object_id": "4",
      "object_repr": "\u0417\u0430\u043a\u0430\u0437 4",
      "action_flag": 1,
      "change_message": "[{\"added\": {}}]"
   }
},
{
   "model": "admin.logentry",
   "pk": 12,
   "fields": {
      "action_time": "2018-12-28T23:07:09.343Z",
      "user": 1,
      "content_type": 9,
      "object_id": "4",
      "object_repr": "\u0417\u0430\u043a\u0430\u0437 4",
      "action_flag": 3,
      "change_message": ""
   }
},
{
   "model": "admin.logentry",
   "pk": 13,
   "fields": {
      "action_time": "2018-12-28T23:07:09.667Z",
      "user": 1,
      "content_type": 9,
      "object_id": "2",
      "object_repr": "\u0417\u0430\u043a\u0430\u0437 2",
      "action_flag": 3,
      "change_message": ""
   }
},
{
   "model": "admin.logentry",
   "pk": 14,
   "fields": {
      "action_time": "2018-12-28T23:07:09.963Z",
      "user": 1,
      "content_type": 9,
      "object_id": "1",
      "object_repr": "\u0417\u0430\u043a\u0430\u0437 1",
      "action_flag": 3,
      "change_message": ""
   }
},
{
   "model": "admin.logentry",
   "pk": 15,
   "fields": {
      "action_time": "2018-12-28T23:07:22.751Z",
      "user": 1,
      "content_type": 9,
      "object_id": "5",
      "object_repr": "\u0417\u0430\u043a\u0430\u0437 5",
      "action_flag": 1,
      "change_message": "[{\"added\": {}}]"
   }
},
{
   "model": "admin.logentry",
   "pk": 16,
   "fields": {
      "action_time": "2018-12-28T23:07:35.089Z",
      "user": 1,
      "content_type": 9,
      "object_id": "6",
      "object_repr": "\u0417\u0430\u043a\u0430\u0437 6",
      "action_flag": 1,
      "change_message": "[{\"added\": {}}]"
   }
},
{
   "model": "admin.logentry",
   "pk": 17,
   "fields": {
      "action_time": "2018-12-28T23:14:26.556Z",
      "user": 1,
      "content_type": 8,
      "object_id": "1",
      "object_repr": "Apple iPhone 8 64 Gb.",
      "action_flag": 2,
      "change_message": "[{\"changed\": {\"name\": \"\\u0424\\u043e\\u0442\\u043e\\u0433\\u0440\\u0430\\u0444\\u0438\\u044f\", \"object\": \"\\u0417\\u0430\\u043a\\u0430\\u0437 5\", \"fields\": [\"image\"]}}]"
   }
},
{
   "model": "admin.logentry",
   "pk": 18,
   "fields": {
      "action_time": "2018-12-28T23:17:03.371Z",
      "user": 1,
      "content_type": 10,
      "object_id": "1",
      "object_repr": "\u0421\u0442\u0430\u0442\u0443\u0441 \u041d\u043e\u0432\u044b\u0439",
      "action_flag": 1,
      "change_message": "[{\"added\": {}}]"
   }
},
{
   "model": "admin.logentry",
   "pk": 19,
   "fields": {
      "action_time": "2018-12-28T23:17:21.545Z",
      "user": 1,
      "content_type": 10,
      "object_id": "2",
      "object_repr": "\u0421\u0442\u0430\u0442\u0443\u0441 \u0412 \u0440\u0430\u0431\u043e\u0442\u0435",
      "action_flag": 1,
      "change_message": "[{\"added\": {}}]"
   }
},
{
   "model": "admin.logentry",
   "pk": 20,
   "fields": {
      "action_time": "2018-12-28T23:17:36.444Z",
      "user": 1,
      "content_type": 10,
      "object_id": "3",
      "object_repr": "\u0421\u0442\u0430\u0442\u0443\u0441 \u041e\u0442\u043c\u0435\u043d\u0435\u043d",
      "action_flag": 1,
      "change_message": "[{\"added\": {}}]"
   }
},
{
   "model": "admin.logentry",
   "pk": 21,
   "fields": {
      "action_time": "2018-12-28T23:17:43.612Z",
      "user": 1,
      "content_type": 10,
      "object_id": "4",
      "object_repr": "\u0421\u0442\u0430\u0442\u0443\u0441 \u0417\u0430\u043a\u0440\u044b\u0442",
      "action_flag": 1,
      "change_message": "[{\"added\": {}}]"
   }
},
{
   "model": "admin.logentry",
   "pk": 22,
   "fields": {
      "action_time": "2018-12-28T23:18:27.589Z",
      "user": 1,
      "content_type": 10,
      "object_id": "4",
      "object_repr": "\u0421\u0442\u0430\u0442\u0443\u0441 \u0412\u044b\u043f\u043e\u043b\u043d\u0435\u043d",
      "action_flag": 2,
      "change_message": "[{\"changed\": {\"fields\": [\"name\"]}}]"
   }
},
{
   "model": "admin.logentry",
   "pk": 23,
   "fields": {
      "action_time": "2018-12-28T23:18:50.717Z",
      "user": 1,
      "content_type": 11,
      "object_id": "1",
      "object_repr": "\u0417\u0430\u043a\u0430\u0437 1 \u0412\u044b\u043f\u043e\u043b\u043d\u0435\u043d",
      "action_flag": 1,
      "change_message": "[{\"added\": {}}]"
   }
},
{
   "model": "admin.logentry",
   "pk": 24,
   "fields": {
      "action_time": "2018-12-28T23:19:32.659Z",
      "user": 1,
      "content_type": 12,
      "object_id": "1",
      "object_repr": "\u0417\u0430\u043a\u0430\u0437 Apple iPhone 8 64 Gb.",
      "action_flag": 1,
      "change_message": "[{\"added\": {}}]"
   }
},
{
   "model": "admin.logentry",
   "pk": 25,
   "fields": {
      "action_time": "2018-12-28T23:52:07.928Z",
      "user": 1,
      "content_type": 11,
      "object_id": "1",
      "object_repr": "\u0417\u0430\u043a\u0430\u0437 1 \u041d\u043e\u0432\u044b\u0439",
      "action_flag": 2,
      "change_message": "[{\"changed\": {\"fields\": [\"status\"]}}]"
   }
},
{
   "model": "admin.logentry",
   "pk": 26,
   "fields": {
      "action_time": "2018-12-29T19:11:00.124Z",
      "user": 1,
      "content_type": 8,
      "object_id": "1",
      "object_repr": "Apple iPhone 8 64 Gb.",
      "action_flag": 2,
      "change_message": "[{\"changed\": {\"fields\": [\"price\"]}}]"
   }
},
{
   "model": "admin.logentry",
   "pk": 27,
   "fields": {
      "action_time": "2018-12-29T19:12:45.322Z",
      "user": 1,
      "content_type": 11,
      "object_id": "2",
      "object_repr": "\u0417\u0430\u043a\u0430\u0437 2 \u041d\u043e\u0432\u044b\u0439",
      "action_flag": 1,
      "change_message": "[{\"added\": {}}, {\"added\": {\"name\": \"\\u0422\\u043e\\u0432\\u0430\\u0440 \\u0432 \\u0437\\u0430\\u043a\\u0430\\u0437\\u0435\", \"object\": \"\\u0417\\u0430\\u043a\\u0430\\u0437 Apple iPhone 8 64 Gb.\"}}]"
   }
},
{
   "model": "admin.logentry",
   "pk": 28,
   "fields": {
      "action_time": "2018-12-29T19:27:14.475Z",
      "user": 1,
      "content_type": 11,
      "object_id": "3",
      "object_repr": "\u0417\u0430\u043a\u0430\u0437 3 \u041d\u043e\u0432\u044b\u0439",
      "action_flag": 1,
      "change_message": "[{\"added\": {}}, {\"added\": {\"name\": \"\\u0422\\u043e\\u0432\\u0430\\u0440 \\u0432 \\u0437\\u0430\\u043a\\u0430\\u0437\\u0435\", \"object\": \"\\u0417\\u0430\\u043a\\u0430\\u0437 Apple iPhone 8 64 Gb.\"}}]"
   }
},
{
   "model": "admin.logentry",
   "pk": 29,
   "fields": {
      "action_time": "2018-12-29T19:30:45.505Z",
      "user": 1,
      "content_type": 8,
      "object_id": "2",
      "object_repr": "38000, Apple MacBook Air 13\u2033",
      "action_flag": 1,
      "change_message": "[{\"added\": {}}, {\"added\": {\"name\": \"\\u0424\\u043e\\u0442\\u043e\\u0433\\u0440\\u0430\\u0444\\u0438\\u044f\", \"object\": \"\\u0417\\u0430\\u043a\\u0430\\u0437 7\"}}]"
   }
},
{
   "model": "admin.logentry",
   "pk": 30,
   "fields": {
      "action_time": "2018-12-29T19:31:05.221Z",
      "user": 1,
      "content_type": 11,
      "object_id": "3",
      "object_repr": "\u0417\u0430\u043a\u0430\u0437 3 \u041d\u043e\u0432\u044b\u0439",
      "action_flag": 2,
      "change_message": "[{\"added\": {\"name\": \"\\u0422\\u043e\\u0432\\u0430\\u0440 \\u0432 \\u0437\\u0430\\u043a\\u0430\\u0437\\u0435\", \"object\": \"\\u0417\\u0430\\u043a\\u0430\\u0437 Apple MacBook Air 13\\u2033\"}}]"
   }
},
{
   "model": "admin.logentry",
   "pk": 31,
   "fields": {
      "action_time": "2018-12-29T19:31:42.670Z",
      "user": 1,
      "content_type": 11,
      "object_id": "3",
      "object_repr": "\u0417\u0430\u043a\u0430\u0437 3 \u041d\u043e\u0432\u044b\u0439",
      "action_flag": 2,
      "change_message": "[{\"changed\": {\"name\": \"\\u0422\\u043e\\u0432\\u0430\\u0440 \\u0432 \\u0437\\u0430\\u043a\\u0430\\u0437\\u0435\", \"object\": \"\\u0417\\u0430\\u043a\\u0430\\u0437 Apple iPhone 8 64 Gb.\", \"fields\": [\"nmb\"]}}]"
   }
},
{
   "model": "admin.logentry",
   "pk": 32,
   "fields": {
      "action_time": "2018-12-29T19:32:13.793Z",
      "user": 1,
      "content_type": 8,
      "object_id": "1",
      "object_repr": "20800.00, Apple iPhone 8 64 Gb.",
      "action_flag": 2,
      "change_message": "[{\"changed\": {\"fields\": [\"price\"]}}]"
   }
},
{
   "model": "admin.logentry",
   "pk": 33,
   "fields": {
      "action_time": "2018-12-29T19:32:16.017Z",
      "user": 1,
      "content_type": 11,
      "object_id": "3",
      "object_repr": "\u0417\u0430\u043a\u0430\u0437 3 \u041d\u043e\u0432\u044b\u0439",
      "action_flag": 2,
      "change_message": "[]"
   }
},
{
   "model": "admin.logentry",
   "pk": 34,
   "fields": {
      "action_time": "2018-12-29T19:32:28.136Z",
      "user": 1,
      "content_type": 11,
      "object_id": "3",
      "object_repr": "\u0417\u0430\u043a\u0430\u0437 3 \u041d\u043e\u0432\u044b\u0439",
      "action_flag": 2,
      "change_message": "[]"
   }
},
{
   "model": "admin.logentry",
   "pk": 35,
   "fields": {
      "action_time": "2018-12-29T19:32:38.528Z",
      "user": 1,
      "content_type": 8,
      "object_id": "1",
      "object_repr": "20800.00, Apple iPhone 8 64 Gb.",
      "action_flag": 2,
      "change_message": "[]"
   }
},
{
   "model": "admin.logentry",
   "pk": 36,
   "fields": {
      "action_time": "2018-12-29T19:32:43.081Z",
      "user": 1,
      "content_type": 11,
      "object_id": "3",
      "object_repr": "\u0417\u0430\u043a\u0430\u0437 3 \u041d\u043e\u0432\u044b\u0439",
      "action_flag": 2,
      "change_message": "[]"
   }
},
{
   "model": "admin.logentry",
   "pk": 37,
   "fields": {
      "action_time": "2018-12-29T19:32:56.451Z",
      "user": 1,
      "content_type": 11,
      "object_id": "3",
      "object_repr": "\u0417\u0430\u043a\u0430\u0437 3 \u041d\u043e\u0432\u044b\u0439",
      "action_flag": 3,
      "change_message": ""
   }
},
{
   "model": "admin.logentry",
   "pk": 38,
   "fields": {
      "action_time": "2018-12-29T19:32:56.579Z",
      "user": 1,
      "content_type": 11,
      "object_id": "2",
      "object_repr": "\u0417\u0430\u043a\u0430\u0437 2 \u041d\u043e\u0432\u044b\u0439",
      "action_flag": 3,
      "change_message": ""
   }
},
{
   "model": "admin.logentry",
   "pk": 39,
   "fields": {
      "action_time": "2018-12-29T19:33:17.353Z",
      "user": 1,
      "content_type": 11,
      "object_id": "4",
      "object_repr": "\u0417\u0430\u043a\u0430\u0437 4 \u041d\u043e\u0432\u044b\u0439",
      "action_flag": 1,
      "change_message": "[{\"added\": {}}, {\"added\": {\"name\": \"\\u0422\\u043e\\u0432\\u0430\\u0440 \\u0432 \\u0437\\u0430\\u043a\\u0430\\u0437\\u0435\", \"object\": \"\\u0417\\u0430\\u043a\\u0430\\u0437 Apple iPhone 8 64 Gb.\"}}, {\"added\": {\"name\": \"\\u0422\\u043e\\u0432\\u0430\\u0440 \\u0432 \\u0437\\u0430\\u043a\\u0430\\u0437\\u0435\", \"object\": \"\\u0417\\u0430\\u043a\\u0430\\u0437 Apple MacBook Air 13\\u2033\"}}]"
   }
},
{
   "model": "admin.logentry",
   "pk": 40,
   "fields": {
      "action_time": "2018-12-29T19:33:36.379Z",
      "user": 1,
      "content_type": 11,
      "object_id": "4",
      "object_repr": "\u0417\u0430\u043a\u0430\u0437 4 \u041d\u043e\u0432\u044b\u0439",
      "action_flag": 2,
      "change_message": "[]"
   }
},
{
   "model": "admin.logentry",
   "pk": 41,
   "fields": {
      "action_time": "2018-12-29T19:36:20.511Z",
      "user": 1,
      "content_type": 11,
      "object_id": "4",
      "object_repr": "\u0417\u0430\u043a\u0430\u0437 4 \u041d\u043e\u0432\u044b\u0439",
      "action_flag": 2,
      "change_message": "[]"
   }
},
{
   "model": "admin.logentry",
   "pk": 42,
   "fields": {
      "action_time": "2018-12-30T22:51:00.855Z",
      "user": 1,
      "content_type": 8,
      "object_id": "3",
      "object_repr": "4600, Samsung Galaxy J5 2017 16Gb Black",
      "action_flag": 1,
      "change_message": "[{\"added\": {}}]"
   }
},
{
   "model": "admin.logentry",
   "pk": 43,
   "fields": {
      "action_time": "2018-12-30T22:54:22.356Z",
      "user": 1,
      "content_type": 8,
      "object_id": "4",
      "object_repr": "5800, Samsung Galaxy J7 2017 16Gb Silver",
      "action_flag": 1,
      "change_message": "[{\"added\": {}}]"
   }
},
{
   "model": "admin.logentry",
   "pk": 44,
   "fields": {
      "action_time": "2018-12-30T22:55:28.472Z",
      "user": 1,
      "content_type": 8,
      "object_id": "3",
      "object_repr": "4600.00, Samsung Galaxy J5 2017 16Gb Black",
      "action_flag": 2,
      "change_message": "[{\"added\": {\"name\": \"\\u0424\\u043e\\u0442\\u043e\\u0433\\u0440\\u0430\\u0444\\u0438\\u044f\", \"object\": \"\\u0417\\u0430\\u043a\\u0430\\u0437 8\"}}, {\"added\": {\"name\": \"\\u0424\\u043e\\u0442\\u043e\\u0433\\u0440\\u0430\\u0444\\u0438\\u044f\", \"object\": \"\\u0417\\u0430\\u043a\\u0430\\u0437 9\"}}, {\"added\": {\"name\": \"\\u0424\\u043e\\u0442\\u043e\\u0433\\u0440\\u0430\\u0444\\u0438\\u044f\", \"object\": \"\\u0417\\u0430\\u043a\\u0430\\u0437 10\"}}]"
   }
},
{
   "model": "admin.logentry",
   "pk": 45,
   "fields": {
      "action_time": "2018-12-30T22:55:37.465Z",
      "user": 1,
      "content_type": 8,
      "object_id": "3",
      "object_repr": "4600.00, Samsung Galaxy J5 2017 16Gb Black",
      "action_flag": 2,
      "change_message": "[]"
   }
},
{
   "model": "admin.logentry",
   "pk": 46,
   "fields": {
      "action_time": "2018-12-30T22:56:02.047Z",
      "user": 1,
      "content_type": 8,
      "object_id": "4",
      "object_repr": "5800.00, Samsung Galaxy J7 2017 16Gb Silver",
      "action_flag": 2,
      "change_message": "[{\"added\": {\"name\": \"\\u0424\\u043e\\u0442\\u043e\\u0433\\u0440\\u0430\\u0444\\u0438\\u044f\", \"object\": \"\\u0417\\u0430\\u043a\\u0430\\u0437 11\"}}, {\"added\": {\"name\": \"\\u0424\\u043e\\u0442\\u043e\\u0433\\u0440\\u0430\\u0444\\u0438\\u044f\", \"object\": \"\\u0417\\u0430\\u043a\\u0430\\u0437 12\"}}, {\"added\": {\"name\": \"\\u0424\\u043e\\u0442\\u043e\\u0433\\u0440\\u0430\\u0444\\u0438\\u044f\", \"object\": \"\\u0417\\u0430\\u043a\\u0430\\u0437 13\"}}]"
   }
},
{
   "model": "admin.logentry",
   "pk": 47,
   "fields": {
      "action_time": "2018-12-30T22:57:23.313Z",
      "user": 1,
      "content_type": 8,
      "object_id": "3",
      "object_repr": "4600.00, Samsung Galaxy J5 16Gb Black",
      "action_flag": 2,
      "change_message": "[{\"changed\": {\"fields\": [\"name\"]}}]"
   }
},
{
   "model": "admin.logentry",
   "pk": 48,
   "fields": {
      "action_time": "2018-12-30T22:57:35.265Z",
      "user": 1,
      "content_type": 8,
      "object_id": "4",
      "object_repr": "5800.00, Samsung Galaxy J7 16Gb Silver",
      "action_flag": 2,
      "change_message": "[{\"changed\": {\"fields\": [\"name\"]}}]"
   }
},
{
   "model": "admin.logentry",
   "pk": 49,
   "fields": {
      "action_time": "2018-12-31T23:06:25.229Z",
      "user": 1,
      "content_type": 9,
      "object_id": "5",
      "object_repr": "\u0417\u0430\u043a\u0430\u0437 5",
      "action_flag": 2,
      "change_message": "[{\"changed\": {\"fields\": [\"is_main\"]}}]"
   }
},
{
   "model": "admin.logentry",
   "pk": 50,
   "fields": {
      "action_time": "2018-12-31T23:06:34.495Z",
      "user": 1,
      "content_type": 9,
      "object_id": "7",
      "object_repr": "\u0417\u0430\u043a\u0430\u0437 7",
      "action_flag": 2,
      "change_message": "[{\"changed\": {\"fields\": [\"is_main\"]}}]"
   }
},
{
   "model": "admin.logentry",
   "pk": 51,
   "fields": {
      "action_time": "2018-12-31T23:06:56.771Z",
      "user": 1,
      "content_type": 9,
      "object_id": "8",
      "object_repr": "\u0417\u0430\u043a\u0430\u0437 8",
      "action_flag": 2,
      "change_message": "[{\"changed\": {\"fields\": [\"is_main\"]}}]"
   }
},
{
   "model": "admin.logentry",
   "pk": 52,
   "fields": {
      "action_time": "2018-12-31T23:07:06.683Z",
      "user": 1,
      "content_type": 9,
      "object_id": "11",
      "object_repr": "\u0417\u0430\u043a\u0430\u0437 11",
      "action_flag": 2,
      "change_message": "[{\"changed\": {\"fields\": [\"is_main\"]}}]"
   }
},
{
   "model": "admin.logentry",
   "pk": 53,
   "fields": {
      "action_time": "2018-12-31T23:59:34.747Z",
      "user": 1,
      "content_type": 9,
      "object_id": "8",
      "object_repr": "\u0417\u0430\u043a\u0430\u0437 8",
      "action_flag": 2,
      "change_message": "[{\"changed\": {\"fields\": [\"is_main\"]}}]"
   }
},
{
   "model": "admin.logentry",
   "pk": 54,
   "fields": {
      "action_time": "2018-12-31T23:59:44.367Z",
      "user": 1,
      "content_type": 9,
      "object_id": "10",
      "object_repr": "\u0417\u0430\u043a\u0430\u0437 10",
      "action_flag": 2,
      "change_message": "[{\"changed\": {\"fields\": [\"is_main\"]}}]"
   }
},
{
   "model": "admin.logentry",
   "pk": 55,
   "fields": {
      "action_time": "2018-12-31T23:59:58.399Z",
      "user": 1,
      "content_type": 9,
      "object_id": "10",
      "object_repr": "\u0417\u0430\u043a\u0430\u0437 10",
      "action_flag": 2,
      "change_message": "[{\"changed\": {\"fields\": [\"is_main\"]}}]"
   }
},
{
   "model": "admin.logentry",
   "pk": 56,
   "fields": {
      "action_time": "2019-01-01T00:00:06.937Z",
      "user": 1,
      "content_type": 9,
      "object_id": "9",
      "object_repr": "\u0417\u0430\u043a\u0430\u0437 9",
      "action_flag": 2,
      "change_message": "[{\"changed\": {\"fields\": [\"is_main\"]}}]"
   }
},
{
   "model": "admin.logentry",
   "pk": 57,
   "fields": {
      "action_time": "2019-01-02T21:33:18.720Z",
      "user": 1,
      "content_type": 13,
      "object_id": "1",
      "object_repr": "\u0422\u0435\u043b\u0435\u0444\u043e\u043d\u044b",
      "action_flag": 1,
      "change_message": "[{\"added\": {}}]"
   }
},
{
   "model": "admin.logentry",
   "pk": 58,
   "fields": {
      "action_time": "2019-01-02T21:33:34.714Z",
      "user": 1,
      "content_type": 13,
      "object_id": "1",
      "object_repr": "\u0422\u0435\u043b\u0435\u0444\u043e\u043d\u044b",
      "action_flag": 2,
      "change_message": "[]"
   }
},
{
   "model": "admin.logentry",
   "pk": 59,
   "fields": {
      "action_time": "2019-01-02T21:34:02.616Z",
      "user": 1,
      "content_type": 13,
      "object_id": "2",
      "object_repr": "\u041d\u043e\u0443\u0442\u0431\u0443\u043a\u0438",
      "action_flag": 1,
      "change_message": "[{\"added\": {}}]"
   }
},
{
   "model": "admin.logentry",
   "pk": 60,
   "fields": {
      "action_time": "2019-01-02T21:34:26.379Z",
      "user": 1,
      "content_type": 8,
      "object_id": "1",
      "object_repr": "20800.00, Apple iPhone 8 64 Gb.",
      "action_flag": 2,
      "change_message": "[{\"changed\": {\"fields\": [\"category\"]}}]"
   }
},
{
   "model": "admin.logentry",
   "pk": 61,
   "fields": {
      "action_time": "2019-01-02T21:34:37.891Z",
      "user": 1,
      "content_type": 8,
      "object_id": "2",
      "object_repr": "38000.00, Apple MacBook Air 13\u2033",
      "action_flag": 2,
      "change_message": "[{\"changed\": {\"fields\": [\"category\"]}}]"
   }
},
{
   "model": "admin.logentry",
   "pk": 62,
   "fields": {
      "action_time": "2019-01-02T21:34:48.622Z",
      "user": 1,
      "content_type": 8,
      "object_id": "3",
      "object_repr": "4600.00, Samsung Galaxy J5 16Gb Black",
      "action_flag": 2,
      "change_message": "[{\"changed\": {\"fields\": [\"category\"]}}]"
   }
},
{
   "model": "admin.logentry",
   "pk": 63,
   "fields": {
      "action_time": "2019-01-02T21:35:16.117Z",
      "user": 1,
      "content_type": 8,
      "object_id": "4",
      "object_repr": "5800.00, Samsung Galaxy J7 16Gb Silver",
      "action_flag": 2,
      "change_message": "[{\"changed\": {\"fields\": [\"category\", \"short_description\", \"description\"]}}]"
   }
},
{
   "model": "admin.logentry",
   "pk": 64,
   "fields": {
      "action_time": "2019-01-02T21:35:49.959Z",
      "user": 1,
      "content_type": 8,
      "object_id": "3",
      "object_repr": "4600.00, Samsung Galaxy J5 16Gb Black",
      "action_flag": 2,
      "change_message": "[{\"changed\": {\"fields\": [\"short_description\", \"description\"]}}]"
   }
},
{
   "model": "admin.logentry",
   "pk": 65,
   "fields": {
      "action_time": "2019-01-02T21:38:07.951Z",
      "user": 1,
      "content_type": 8,
      "object_id": "1",
      "object_repr": "20800.00, Apple iPhone 8 64 Gb.",
      "action_flag": 2,
      "change_message": "[{\"changed\": {\"fields\": [\"discount\"]}}]"
   }
},
{
   "model": "admin.logentry",
   "pk": 66,
   "fields": {
      "action_time": "2019-01-02T21:44:31.339Z",
      "user": 1,
      "content_type": 8,
      "object_id": "2",
      "object_repr": "38000.00, Apple MacBook Air 13\u2033",
      "action_flag": 2,
      "change_message": "[]"
   }
},
{
   "model": "admin.logentry",
   "pk": 67,
   "fields": {
      "action_time": "2019-01-03T19:43:31.437Z",
      "user": 1,
      "content_type": 8,
      "object_id": "4",
      "object_repr": "5800.00, Samsung Galaxy J7 16Gb Silver",
      "action_flag": 2,
      "change_message": "[{\"changed\": {\"fields\": [\"short_description\", \"description\"]}}]"
   }
},
{
   "model": "admin.logentry",
   "pk": 68,
   "fields": {
      "action_time": "2019-01-03T19:45:31.382Z",
      "user": 1,
      "content_type": 8,
      "object_id": "4",
      "object_repr": "5800.00, Samsung Galaxy J7 16Gb Silver",
      "action_flag": 2,
      "change_message": "[{\"changed\": {\"fields\": [\"short_description\", \"description\"]}}]"
   }
},
{
   "model": "admin.logentry",
   "pk": 69,
   "fields": {
      "action_time": "2019-01-03T19:51:44.989Z",
      "user": 1,
      "content_type": 8,
      "object_id": "1",
      "object_repr": "20800.00, Apple iPhone 8 64 Gb.",
      "action_flag": 2,
      "change_message": "[{\"changed\": {\"fields\": [\"discount\"]}}]"
   }
},
{
   "model": "admin.logentry",
   "pk": 70,
   "fields": {
      "action_time": "2019-01-03T19:52:59.001Z",
      "user": 1,
      "content_type": 8,
      "object_id": "2",
      "object_repr": "38000.00, Apple MacBook Air 13\u2033",
      "action_flag": 2,
      "change_message": "[{\"changed\": {\"fields\": [\"discount\"]}}]"
   }
},
{
   "model": "admin.logentry",
   "pk": 71,
   "fields": {
      "action_time": "2019-01-03T21:41:12.197Z",
      "user": 1,
      "content_type": 8,
      "object_id": "1",
      "object_repr": "20800.00, Apple iPhone 8 64 Gb.",
      "action_flag": 2,
      "change_message": "[]"
   }
},
{
   "model": "admin.logentry",
   "pk": 72,
   "fields": {
      "action_time": "2019-01-06T20:45:02.297Z",
      "user": 1,
      "content_type": 8,
      "object_id": "2",
      "object_repr": "38000.00, Apple MacBook Air 13\u2033",
      "action_flag": 2,
      "change_message": "[{\"added\": {\"name\": \"\\u0424\\u043e\\u0442\\u043e\\u0433\\u0440\\u0430\\u0444\\u0438\\u044f\", \"object\": \"\\u0417\\u0430\\u043a\\u0430\\u0437 14\"}}]"
   }
},
{
   "model": "admin.logentry",
   "pk": 73,
   "fields": {
      "action_time": "2019-01-08T20:17:36.353Z",
      "user": 1,
      "content_type": 14,
      "object_id": "3",
      "object_repr": "\u0417\u0430\u043a\u0430\u0437 Apple iPhone 8 64 Gb.",
      "action_flag": 3,
      "change_message": ""
   }
},
{
   "model": "admin.logentry",
   "pk": 74,
   "fields": {
      "action_time": "2019-01-08T20:26:08.120Z",
      "user": 1,
      "content_type": 14,
      "object_id": "2",
      "object_repr": "\u0417\u0430\u043a\u0430\u0437 Apple iPhone 8 64 Gb.",
      "action_flag": 3,
      "change_message": ""
   }
},
{
   "model": "admin.logentry",
   "pk": 75,
   "fields": {
      "action_time": "2019-01-08T20:26:08.370Z",
      "user": 1,
      "content_type": 14,
      "object_id": "1",
      "object_repr": "\u0417\u0430\u043a\u0430\u0437 Apple iPhone 8 64 Gb.",
      "action_flag": 3,
      "change_message": ""
   }
},
{
   "model": "admin.logentry",
   "pk": 76,
   "fields": {
      "action_time": "2019-01-08T20:37:16.719Z",
      "user": 1,
      "content_type": 14,
      "object_id": "6",
      "object_repr": "\u0417\u0430\u043a\u0430\u0437 Apple iPhone 8 64 Gb.",
      "action_flag": 3,
      "change_message": ""
   }
},
{
   "model": "admin.logentry",
   "pk": 77,
   "fields": {
      "action_time": "2019-01-08T20:37:16.896Z",
      "user": 1,
      "content_type": 14,
      "object_id": "5",
      "object_repr": "\u0417\u0430\u043a\u0430\u0437 Apple iPhone 8 64 Gb.",
      "action_flag": 3,
      "change_message": ""
   }
},
{
   "model": "admin.logentry",
   "pk": 78,
   "fields": {
      "action_time": "2019-01-08T20:37:17.073Z",
      "user": 1,
      "content_type": 14,
      "object_id": "4",
      "object_repr": "\u0417\u0430\u043a\u0430\u0437 Apple iPhone 8 64 Gb.",
      "action_flag": 3,
      "change_message": ""
   }
},
{
   "model": "admin.logentry",
   "pk": 79,
   "fields": {
      "action_time": "2019-01-08T20:39:09.969Z",
      "user": 1,
      "content_type": 14,
      "object_id": "8",
      "object_repr": "\u0417\u0430\u043a\u0430\u0437 Apple iPhone 8 64 Gb.",
      "action_flag": 3,
      "change_message": ""
   }
},
{
   "model": "admin.logentry",
   "pk": 80,
   "fields": {
      "action_time": "2019-01-08T20:39:10.146Z",
      "user": 1,
      "content_type": 14,
      "object_id": "7",
      "object_repr": "\u0417\u0430\u043a\u0430\u0437 Apple iPhone 8 64 Gb.",
      "action_flag": 3,
      "change_message": ""
   }
},
{
   "model": "admin.logentry",
   "pk": 81,
   "fields": {
      "action_time": "2019-01-08T20:39:56.584Z",
      "user": 1,
      "content_type": 12,
      "object_id": "6",
      "object_repr": "\u0417\u0430\u043a\u0430\u0437 Apple MacBook Air 13\u2033",
      "action_flag": 3,
      "change_message": ""
   }
},
{
   "model": "admin.logentry",
   "pk": 82,
   "fields": {
      "action_time": "2019-01-08T20:39:56.788Z",
      "user": 1,
      "content_type": 12,
      "object_id": "5",
      "object_repr": "\u0417\u0430\u043a\u0430\u0437 Apple iPhone 8 64 Gb.",
      "action_flag": 3,
      "change_message": ""
   }
},
{
   "model": "admin.logentry",
   "pk": 83,
   "fields": {
      "action_time": "2019-01-08T20:39:56.925Z",
      "user": 1,
      "content_type": 12,
      "object_id": "1",
      "object_repr": "\u0417\u0430\u043a\u0430\u0437 Apple iPhone 8 64 Gb.",
      "action_flag": 3,
      "change_message": ""
   }
},
{
   "model": "admin.logentry",
   "pk": 84,
   "fields": {
      "action_time": "2019-01-08T21:30:01.679Z",
      "user": 1,
      "content_type": 14,
      "object_id": "26",
      "object_repr": "\u0417\u0430\u043a\u0430\u0437 Apple iPhone 8 64 Gb.",
      "action_flag": 3,
      "change_message": ""
   }
},
{
   "model": "admin.logentry",
   "pk": 85,
   "fields": {
      "action_time": "2019-01-08T21:30:01.880Z",
      "user": 1,
      "content_type": 14,
      "object_id": "25",
      "object_repr": "\u0417\u0430\u043a\u0430\u0437 Apple iPhone 8 64 Gb.",
      "action_flag": 3,
      "change_message": ""
   }
},
{
   "model": "admin.logentry",
   "pk": 86,
   "fields": {
      "action_time": "2019-01-08T21:30:02.080Z",
      "user": 1,
      "content_type": 14,
      "object_id": "24",
      "object_repr": "\u0417\u0430\u043a\u0430\u0437 Apple iPhone 8 64 Gb.",
      "action_flag": 3,
      "change_message": ""
   }
},
{
   "model": "admin.logentry",
   "pk": 87,
   "fields": {
      "action_time": "2019-01-08T21:30:02.249Z",
      "user": 1,
      "content_type": 14,
      "object_id": "23",
      "object_repr": "\u0417\u0430\u043a\u0430\u0437 Apple iPhone 8 64 Gb.",
      "action_flag": 3,
      "change_message": ""
   }
},
{
   "model": "admin.logentry",
   "pk": 88,
   "fields": {
      "action_time": "2019-01-08T21:30:02.491Z",
      "user": 1,
      "content_type": 14,
      "object_id": "22",
      "object_repr": "\u0417\u0430\u043a\u0430\u0437 Apple iPhone 8 64 Gb.",
      "action_flag": 3,
      "change_message": ""
   }
},
{
   "model": "admin.logentry",
   "pk": 89,
   "fields": {
      "action_time": "2019-01-08T21:30:02.780Z",
      "user": 1,
      "content_type": 14,
      "object_id": "21",
      "object_repr": "\u0417\u0430\u043a\u0430\u0437 Apple iPhone 8 64 Gb.",
      "action_flag": 3,
      "change_message": ""
   }
},
{
   "model": "admin.logentry",
   "pk": 90,
   "fields": {
      "action_time": "2019-01-08T21:30:03.044Z",
      "user": 1,
      "content_type": 14,
      "object_id": "20",
      "object_repr": "\u0417\u0430\u043a\u0430\u0437 Apple iPhone 8 64 Gb.",
      "action_flag": 3,
      "change_message": ""
   }
},
{
   "model": "admin.logentry",
   "pk": 91,
   "fields": {
      "action_time": "2019-01-08T21:30:03.457Z",
      "user": 1,
      "content_type": 14,
      "object_id": "19",
      "object_repr": "\u0417\u0430\u043a\u0430\u0437 Apple iPhone 8 64 Gb.",
      "action_flag": 3,
      "change_message": ""
   }
},
{
   "model": "admin.logentry",
   "pk": 92,
   "fields": {
      "action_time": "2019-01-08T21:30:03.769Z",
      "user": 1,
      "content_type": 14,
      "object_id": "18",
      "object_repr": "\u0417\u0430\u043a\u0430\u0437 Apple iPhone 8 64 Gb.",
      "action_flag": 3,
      "change_message": ""
   }
},
{
   "model": "admin.logentry",
   "pk": 93,
   "fields": {
      "action_time": "2019-01-08T21:30:04.132Z",
      "user": 1,
      "content_type": 14,
      "object_id": "17",
      "object_repr": "\u0417\u0430\u043a\u0430\u0437 Apple iPhone 8 64 Gb.",
      "action_flag": 3,
      "change_message": ""
   }
},
{
   "model": "admin.logentry",
   "pk": 94,
   "fields": {
      "action_time": "2019-01-08T21:30:04.510Z",
      "user": 1,
      "content_type": 14,
      "object_id": "16",
      "object_repr": "\u0417\u0430\u043a\u0430\u0437 Apple iPhone 8 64 Gb.",
      "action_flag": 3,
      "change_message": ""
   }
},
{
   "model": "admin.logentry",
   "pk": 95,
   "fields": {
      "action_time": "2019-01-08T21:30:04.733Z",
      "user": 1,
      "content_type": 14,
      "object_id": "15",
      "object_repr": "\u0417\u0430\u043a\u0430\u0437 Apple iPhone 8 64 Gb.",
      "action_flag": 3,
      "change_message": ""
   }
},
{
   "model": "admin.logentry",
   "pk": 96,
   "fields": {
      "action_time": "2019-01-08T21:30:04.858Z",
      "user": 1,
      "content_type": 14,
      "object_id": "14",
      "object_repr": "\u0417\u0430\u043a\u0430\u0437 Apple iPhone 8 64 Gb.",
      "action_flag": 3,
      "change_message": ""
   }
},
{
   "model": "admin.logentry",
   "pk": 97,
   "fields": {
      "action_time": "2019-01-08T21:30:05.101Z",
      "user": 1,
      "content_type": 14,
      "object_id": "13",
      "object_repr": "\u0417\u0430\u043a\u0430\u0437 Apple iPhone 8 64 Gb.",
      "action_flag": 3,
      "change_message": ""
   }
},
{
   "model": "admin.logentry",
   "pk": 98,
   "fields": {
      "action_time": "2019-01-08T21:30:05.286Z",
      "user": 1,
      "content_type": 14,
      "object_id": "12",
      "object_repr": "\u0417\u0430\u043a\u0430\u0437 Apple iPhone 8 64 Gb.",
      "action_flag": 3,
      "change_message": ""
   }
},
{
   "model": "admin.logentry",
   "pk": 99,
   "fields": {
      "action_time": "2019-01-08T21:30:05.486Z",
      "user": 1,
      "content_type": 14,
      "object_id": "11",
      "object_repr": "\u0417\u0430\u043a\u0430\u0437 Apple iPhone 8 64 Gb.",
      "action_flag": 3,
      "change_message": ""
   }
},
{
   "model": "admin.logentry",
   "pk": 100,
   "fields": {
      "action_time": "2019-01-08T21:30:05.720Z",
      "user": 1,
      "content_type": 14,
      "object_id": "10",
      "object_repr": "\u0417\u0430\u043a\u0430\u0437 Apple iPhone 8 64 Gb.",
      "action_flag": 3,
      "change_message": ""
   }
},
{
   "model": "admin.logentry",
   "pk": 101,
   "fields": {
      "action_time": "2019-01-08T21:30:06.018Z",
      "user": 1,
      "content_type": 14,
      "object_id": "9",
      "object_repr": "\u0417\u0430\u043a\u0430\u0437 Apple iPhone 8 64 Gb.",
      "action_flag": 3,
      "change_message": ""
   }
},
{
   "model": "admin.logentry",
   "pk": 102,
   "fields": {
      "action_time": "2019-01-08T22:10:03.428Z",
      "user": 1,
      "content_type": 14,
      "object_id": "30",
      "object_repr": "\u0417\u0430\u043a\u0430\u0437 Apple iPhone 8 64 Gb.",
      "action_flag": 3,
      "change_message": ""
   }
},
{
   "model": "admin.logentry",
   "pk": 103,
   "fields": {
      "action_time": "2019-01-08T22:10:03.575Z",
      "user": 1,
      "content_type": 14,
      "object_id": "29",
      "object_repr": "\u0417\u0430\u043a\u0430\u0437 Apple iPhone 8 64 Gb.",
      "action_flag": 3,
      "change_message": ""
   }
},
{
   "model": "admin.logentry",
   "pk": 104,
   "fields": {
      "action_time": "2019-01-08T22:10:03.707Z",
      "user": 1,
      "content_type": 14,
      "object_id": "28",
      "object_repr": "\u0417\u0430\u043a\u0430\u0437 Apple iPhone 8 64 Gb.",
      "action_flag": 3,
      "change_message": ""
   }
},
{
   "model": "admin.logentry",
   "pk": 105,
   "fields": {
      "action_time": "2019-01-08T22:10:03.840Z",
      "user": 1,
      "content_type": 14,
      "object_id": "27",
      "object_repr": "\u0417\u0430\u043a\u0430\u0437 Apple iPhone 8 64 Gb.",
      "action_flag": 3,
      "change_message": ""
   }
},
{
   "model": "admin.logentry",
   "pk": 106,
   "fields": {
      "action_time": "2019-01-08T22:57:20.430Z",
      "user": 1,
      "content_type": 14,
      "object_id": "39",
      "object_repr": "\u0417\u0430\u043a\u0430\u0437 Apple iPhone 8 64 Gb.",
      "action_flag": 3,
      "change_message": ""
   }
},
{
   "model": "admin.logentry",
   "pk": 107,
   "fields": {
      "action_time": "2019-01-08T22:57:20.652Z",
      "user": 1,
      "content_type": 14,
      "object_id": "38",
      "object_repr": "\u0417\u0430\u043a\u0430\u0437 Apple iPhone 8 64 Gb.",
      "action_flag": 3,
      "change_message": ""
   }
},
{
   "model": "admin.logentry",
   "pk": 108,
   "fields": {
      "action_time": "2019-01-08T22:57:20.852Z",
      "user": 1,
      "content_type": 14,
      "object_id": "37",
      "object_repr": "\u0417\u0430\u043a\u0430\u0437 Apple iPhone 8 64 Gb.",
      "action_flag": 3,
      "change_message": ""
   }
},
{
   "model": "admin.logentry",
   "pk": 109,
   "fields": {
      "action_time": "2019-01-08T22:57:21.119Z",
      "user": 1,
      "content_type": 14,
      "object_id": "36",
      "object_repr": "\u0417\u0430\u043a\u0430\u0437 Apple iPhone 8 64 Gb.",
      "action_flag": 3,
      "change_message": ""
   }
},
{
   "model": "admin.logentry",
   "pk": 110,
   "fields": {
      "action_time": "2019-01-08T22:57:21.340Z",
      "user": 1,
      "content_type": 14,
      "object_id": "35",
      "object_repr": "\u0417\u0430\u043a\u0430\u0437 Apple iPhone 8 64 Gb.",
      "action_flag": 3,
      "change_message": ""
   }
},
{
   "model": "admin.logentry",
   "pk": 111,
   "fields": {
      "action_time": "2019-01-08T22:57:21.541Z",
      "user": 1,
      "content_type": 14,
      "object_id": "34",
      "object_repr": "\u0417\u0430\u043a\u0430\u0437 Apple iPhone 8 64 Gb.",
      "action_flag": 3,
      "change_message": ""
   }
},
{
   "model": "admin.logentry",
   "pk": 112,
   "fields": {
      "action_time": "2019-01-08T22:57:21.763Z",
      "user": 1,
      "content_type": 14,
      "object_id": "33",
      "object_repr": "\u0417\u0430\u043a\u0430\u0437 Apple iPhone 8 64 Gb.",
      "action_flag": 3,
      "change_message": ""
   }
},
{
   "model": "admin.logentry",
   "pk": 113,
   "fields": {
      "action_time": "2019-01-08T22:57:21.983Z",
      "user": 1,
      "content_type": 14,
      "object_id": "32",
      "object_repr": "\u0417\u0430\u043a\u0430\u0437 Apple iPhone 8 64 Gb.",
      "action_flag": 3,
      "change_message": ""
   }
},
{
   "model": "admin.logentry",
   "pk": 114,
   "fields": {
      "action_time": "2019-01-08T22:57:22.450Z",
      "user": 1,
      "content_type": 14,
      "object_id": "31",
      "object_repr": "\u0417\u0430\u043a\u0430\u0437 Apple iPhone 8 64 Gb.",
      "action_flag": 3,
      "change_message": ""
   }
},
{
   "model": "admin.logentry",
   "pk": 115,
   "fields": {
      "action_time": "2019-01-08T22:58:40.762Z",
      "user": 1,
      "content_type": 14,
      "object_id": "40",
      "object_repr": "\u0417\u0430\u043a\u0430\u0437 Apple iPhone 8 64 Gb.",
      "action_flag": 3,
      "change_message": ""
   }
},
{
   "model": "admin.logentry",
   "pk": 116,
   "fields": {
      "action_time": "2019-01-08T22:59:47.732Z",
      "user": 1,
      "content_type": 14,
      "object_id": "42",
      "object_repr": "\u0417\u0430\u043a\u0430\u0437 Apple iPhone 8 64 Gb.",
      "action_flag": 3,
      "change_message": ""
   }
},
{
   "model": "admin.logentry",
   "pk": 117,
   "fields": {
      "action_time": "2019-01-08T22:59:47.955Z",
      "user": 1,
      "content_type": 14,
      "object_id": "41",
      "object_repr": "\u0417\u0430\u043a\u0430\u0437 Apple iPhone 8 64 Gb.",
      "action_flag": 3,
      "change_message": ""
   }
},
{
   "model": "admin.logentry",
   "pk": 118,
   "fields": {
      "action_time": "2019-01-08T23:02:41.344Z",
      "user": 1,
      "content_type": 14,
      "object_id": "43",
      "object_repr": "\u0417\u0430\u043a\u0430\u0437 Apple iPhone 8 64 Gb.",
      "action_flag": 3,
      "change_message": ""
   }
},
{
   "model": "admin.logentry",
   "pk": 119,
   "fields": {
      "action_time": "2019-01-08T23:03:42.895Z",
      "user": 1,
      "content_type": 14,
      "object_id": "45",
      "object_repr": "\u0417\u0430\u043a\u0430\u0437 Apple iPhone 8 64 Gb.",
      "action_flag": 3,
      "change_message": ""
   }
},
{
   "model": "admin.logentry",
   "pk": 120,
   "fields": {
      "action_time": "2019-01-08T23:03:43.025Z",
      "user": 1,
      "content_type": 14,
      "object_id": "44",
      "object_repr": "\u0417\u0430\u043a\u0430\u0437 Apple iPhone 8 64 Gb.",
      "action_flag": 3,
      "change_message": ""
   }
},
{
   "model": "admin.logentry",
   "pk": 121,
   "fields": {
      "action_time": "2019-01-08T23:12:08.987Z",
      "user": 1,
      "content_type": 14,
      "object_id": "50",
      "object_repr": "\u0417\u0430\u043a\u0430\u0437 Apple iPhone 8 64 Gb.",
      "action_flag": 3,
      "change_message": ""
   }
},
{
   "model": "admin.logentry",
   "pk": 122,
   "fields": {
      "action_time": "2019-01-08T23:12:09.149Z",
      "user": 1,
      "content_type": 14,
      "object_id": "49",
      "object_repr": "\u0417\u0430\u043a\u0430\u0437 Apple iPhone 8 64 Gb.",
      "action_flag": 3,
      "change_message": ""
   }
},
{
   "model": "admin.logentry",
   "pk": 123,
   "fields": {
      "action_time": "2019-01-08T23:12:09.263Z",
      "user": 1,
      "content_type": 14,
      "object_id": "48",
      "object_repr": "\u0417\u0430\u043a\u0430\u0437 Apple iPhone 8 64 Gb.",
      "action_flag": 3,
      "change_message": ""
   }
},
{
   "model": "admin.logentry",
   "pk": 124,
   "fields": {
      "action_time": "2019-01-08T23:12:09.382Z",
      "user": 1,
      "content_type": 14,
      "object_id": "47",
      "object_repr": "\u0417\u0430\u043a\u0430\u0437 Apple iPhone 8 64 Gb.",
      "action_flag": 3,
      "change_message": ""
   }
},
{
   "model": "admin.logentry",
   "pk": 125,
   "fields": {
      "action_time": "2019-01-08T23:12:09.569Z",
      "user": 1,
      "content_type": 14,
      "object_id": "46",
      "object_repr": "\u0417\u0430\u043a\u0430\u0437 Apple iPhone 8 64 Gb.",
      "action_flag": 3,
      "change_message": ""
   }
},
{
   "model": "admin.logentry",
   "pk": 126,
   "fields": {
      "action_time": "2019-01-09T20:42:14.439Z",
      "user": 1,
      "content_type": 8,
      "object_id": "3",
      "object_repr": "4600.00, Samsung Galaxy J5 16Gb",
      "action_flag": 2,
      "change_message": "[{\"changed\": {\"fields\": [\"name\"]}}]"
   }
},
{
   "model": "admin.logentry",
   "pk": 127,
   "fields": {
      "action_time": "2019-01-09T20:42:28.304Z",
      "user": 1,
      "content_type": 8,
      "object_id": "4",
      "object_repr": "5800.00, Samsung Galaxy J7 16Gb",
      "action_flag": 2,
      "change_message": "[{\"changed\": {\"fields\": [\"name\"]}}]"
   }
},
{
   "model": "admin.logentry",
   "pk": 128,
   "fields": {
      "action_time": "2019-01-09T20:44:07.498Z",
      "user": 1,
      "content_type": 14,
      "object_id": "61",
      "object_repr": "\u0417\u0430\u043a\u0430\u0437 Samsung Galaxy J5 16Gb",
      "action_flag": 3,
      "change_message": ""
   }
},
{
   "model": "admin.logentry",
   "pk": 129,
   "fields": {
      "action_time": "2019-01-09T20:44:07.727Z",
      "user": 1,
      "content_type": 14,
      "object_id": "60",
      "object_repr": "\u0417\u0430\u043a\u0430\u0437 Samsung Galaxy J5 16Gb",
      "action_flag": 3,
      "change_message": ""
   }
},
{
   "model": "admin.logentry",
   "pk": 130,
   "fields": {
      "action_time": "2019-01-09T20:44:07.927Z",
      "user": 1,
      "content_type": 14,
      "object_id": "59",
      "object_repr": "\u0417\u0430\u043a\u0430\u0437 Samsung Galaxy J5 16Gb",
      "action_flag": 3,
      "change_message": ""
   }
},
{
   "model": "admin.logentry",
   "pk": 131,
   "fields": {
      "action_time": "2019-01-09T20:44:08.173Z",
      "user": 1,
      "content_type": 14,
      "object_id": "58",
      "object_repr": "\u0417\u0430\u043a\u0430\u0437 Apple iPhone 8 64 Gb.",
      "action_flag": 3,
      "change_message": ""
   }
},
{
   "model": "admin.logentry",
   "pk": 132,
   "fields": {
      "action_time": "2019-01-09T20:44:08.450Z",
      "user": 1,
      "content_type": 14,
      "object_id": "57",
      "object_repr": "\u0417\u0430\u043a\u0430\u0437 Apple iPhone 8 64 Gb.",
      "action_flag": 3,
      "change_message": ""
   }
},
{
   "model": "admin.logentry",
   "pk": 133,
   "fields": {
      "action_time": "2019-01-09T20:44:08.625Z",
      "user": 1,
      "content_type": 14,
      "object_id": "56",
      "object_repr": "\u0417\u0430\u043a\u0430\u0437 Apple iPhone 8 64 Gb.",
      "action_flag": 3,
      "change_message": ""
   }
},
{
   "model": "admin.logentry",
   "pk": 134,
   "fields": {
      "action_time": "2019-01-09T20:44:08.838Z",
      "user": 1,
      "content_type": 14,
      "object_id": "55",
      "object_repr": "\u0417\u0430\u043a\u0430\u0437 Apple iPhone 8 64 Gb.",
      "action_flag": 3,
      "change_message": ""
   }
},
{
   "model": "admin.logentry",
   "pk": 135,
   "fields": {
      "action_time": "2019-01-09T20:44:09.257Z",
      "user": 1,
      "content_type": 14,
      "object_id": "54",
      "object_repr": "\u0417\u0430\u043a\u0430\u0437 Apple iPhone 8 64 Gb.",
      "action_flag": 3,
      "change_message": ""
   }
},
{
   "model": "admin.logentry",
   "pk": 136,
   "fields": {
      "action_time": "2019-01-09T20:44:09.712Z",
      "user": 1,
      "content_type": 14,
      "object_id": "53",
      "object_repr": "\u0417\u0430\u043a\u0430\u0437 Apple iPhone 8 64 Gb.",
      "action_flag": 3,
      "change_message": ""
   }
},
{
   "model": "admin.logentry",
   "pk": 137,
   "fields": {
      "action_time": "2019-01-09T20:44:10.046Z",
      "user": 1,
      "content_type": 14,
      "object_id": "52",
      "object_repr": "\u0417\u0430\u043a\u0430\u0437 Apple iPhone 8 64 Gb.",
      "action_flag": 3,
      "change_message": ""
   }
},
{
   "model": "admin.logentry",
   "pk": 138,
   "fields": {
      "action_time": "2019-01-09T20:44:10.201Z",
      "user": 1,
      "content_type": 14,
      "object_id": "51",
      "object_repr": "\u0417\u0430\u043a\u0430\u0437 Apple iPhone 8 64 Gb.",
      "action_flag": 3,
      "change_message": ""
   }
},
{
   "model": "admin.logentry",
   "pk": 139,
   "fields": {
      "action_time": "2019-01-09T22:12:14.471Z",
      "user": 1,
      "content_type": 14,
      "object_id": "63",
      "object_repr": "\u0417\u0430\u043a\u0430\u0437 Apple iPhone 8 64 Gb.",
      "action_flag": 3,
      "change_message": ""
   }
},
{
   "model": "admin.logentry",
   "pk": 140,
   "fields": {
      "action_time": "2019-01-09T22:12:14.661Z",
      "user": 1,
      "content_type": 14,
      "object_id": "62",
      "object_repr": "\u0417\u0430\u043a\u0430\u0437 Samsung Galaxy J5 16Gb",
      "action_flag": 3,
      "change_message": ""
   }
},
{
   "model": "admin.logentry",
   "pk": 141,
   "fields": {
      "action_time": "2019-01-10T20:45:57.800Z",
      "user": 1,
      "content_type": 14,
      "object_id": "65",
      "object_repr": "\u0417\u0430\u043a\u0430\u0437 Samsung Galaxy J5 16Gb",
      "action_flag": 3,
      "change_message": ""
   }
},
{
   "model": "admin.logentry",
   "pk": 142,
   "fields": {
      "action_time": "2019-01-10T20:45:58.015Z",
      "user": 1,
      "content_type": 14,
      "object_id": "64",
      "object_repr": "\u0417\u0430\u043a\u0430\u0437 Apple iPhone 8 64 Gb.",
      "action_flag": 3,
      "change_message": ""
   }
},
{
   "model": "admin.logentry",
   "pk": 143,
   "fields": {
      "action_time": "2019-01-10T21:26:51.045Z",
      "user": 1,
      "content_type": 14,
      "object_id": "73",
      "object_repr": "\u0417\u0430\u043a\u0430\u0437 Apple iPhone 8 64 Gb.",
      "action_flag": 3,
      "change_message": ""
   }
},
{
   "model": "admin.logentry",
   "pk": 144,
   "fields": {
      "action_time": "2019-01-10T21:26:51.187Z",
      "user": 1,
      "content_type": 14,
      "object_id": "72",
      "object_repr": "\u0417\u0430\u043a\u0430\u0437 Apple iPhone 8 64 Gb.",
      "action_flag": 3,
      "change_message": ""
   }
},
{
   "model": "admin.logentry",
   "pk": 145,
   "fields": {
      "action_time": "2019-01-10T21:26:51.319Z",
      "user": 1,
      "content_type": 14,
      "object_id": "71",
      "object_repr": "\u0417\u0430\u043a\u0430\u0437 Apple iPhone 8 64 Gb.",
      "action_flag": 3,
      "change_message": ""
   }
},
{
   "model": "admin.logentry",
   "pk": 146,
   "fields": {
      "action_time": "2019-01-10T21:26:51.442Z",
      "user": 1,
      "content_type": 14,
      "object_id": "70",
      "object_repr": "\u0417\u0430\u043a\u0430\u0437 Apple iPhone 8 64 Gb.",
      "action_flag": 3,
      "change_message": ""
   }
},
{
   "model": "admin.logentry",
   "pk": 147,
   "fields": {
      "action_time": "2019-01-10T21:26:51.619Z",
      "user": 1,
      "content_type": 14,
      "object_id": "69",
      "object_repr": "\u0417\u0430\u043a\u0430\u0437 Apple iPhone 8 64 Gb.",
      "action_flag": 3,
      "change_message": ""
   }
},
{
   "model": "admin.logentry",
   "pk": 148,
   "fields": {
      "action_time": "2019-01-10T21:26:51.851Z",
      "user": 1,
      "content_type": 14,
      "object_id": "68",
      "object_repr": "\u0417\u0430\u043a\u0430\u0437 Samsung Galaxy J5 16Gb",
      "action_flag": 3,
      "change_message": ""
   }
},
{
   "model": "admin.logentry",
   "pk": 149,
   "fields": {
      "action_time": "2019-01-10T21:26:52.174Z",
      "user": 1,
      "content_type": 14,
      "object_id": "67",
      "object_repr": "\u0417\u0430\u043a\u0430\u0437 Apple iPhone 8 64 Gb.",
      "action_flag": 3,
      "change_message": ""
   }
},
{
   "model": "admin.logentry",
   "pk": 150,
   "fields": {
      "action_time": "2019-01-10T21:26:52.628Z",
      "user": 1,
      "content_type": 14,
      "object_id": "66",
      "object_repr": "\u0417\u0430\u043a\u0430\u0437 Apple iPhone 8 64 Gb.",
      "action_flag": 3,
      "change_message": ""
   }
},
{
   "model": "admin.logentry",
   "pk": 151,
   "fields": {
      "action_time": "2019-01-10T21:43:21.909Z",
      "user": 1,
      "content_type": 14,
      "object_id": "74",
      "object_repr": "\u0417\u0430\u043a\u0430\u0437 Apple iPhone 8 64 Gb.",
      "action_flag": 2,
      "change_message": "[{\"changed\": {\"fields\": [\"is_active\"]}}]"
   }
},
{
   "model": "admin.logentry",
   "pk": 152,
   "fields": {
      "action_time": "2019-01-12T21:50:45.933Z",
      "user": 1,
      "content_type": 14,
      "object_id": "74",
      "object_repr": "\u0417\u0430\u043a\u0430\u0437 Apple iPhone 8 64 Gb.",
      "action_flag": 3,
      "change_message": ""
   }
},
{
   "model": "admin.logentry",
   "pk": 153,
   "fields": {
      "action_time": "2019-01-15T21:32:53.015Z",
      "user": 1,
      "content_type": 14,
      "object_id": "77",
      "object_repr": "\u0417\u0430\u043a\u0430\u0437 Apple MacBook Air 13\u2033",
      "action_flag": 3,
      "change_message": ""
   }
},
{
   "model": "admin.logentry",
   "pk": 154,
   "fields": {
      "action_time": "2019-01-15T21:32:53.279Z",
      "user": 1,
      "content_type": 14,
      "object_id": "76",
      "object_repr": "\u0417\u0430\u043a\u0430\u0437 Samsung Galaxy J7 16Gb",
      "action_flag": 3,
      "change_message": ""
   }
},
{
   "model": "admin.logentry",
   "pk": 155,
   "fields": {
      "action_time": "2019-01-15T21:32:53.459Z",
      "user": 1,
      "content_type": 14,
      "object_id": "75",
      "object_repr": "\u0417\u0430\u043a\u0430\u0437 Samsung Galaxy J5 16Gb",
      "action_flag": 3,
      "change_message": ""
   }
},
{
   "model": "admin.logentry",
   "pk": 156,
   "fields": {
      "action_time": "2019-01-15T21:42:08.785Z",
      "user": 1,
      "content_type": 14,
      "object_id": "80",
      "object_repr": "\u0417\u0430\u043a\u0430\u0437 Samsung Galaxy J7 16Gb",
      "action_flag": 3,
      "change_message": ""
   }
},
{
   "model": "admin.logentry",
   "pk": 157,
   "fields": {
      "action_time": "2019-01-15T21:42:08.953Z",
      "user": 1,
      "content_type": 14,
      "object_id": "79",
      "object_repr": "\u0417\u0430\u043a\u0430\u0437 Samsung Galaxy J5 16Gb",
      "action_flag": 3,
      "change_message": ""
   }
},
{
   "model": "admin.logentry",
   "pk": 158,
   "fields": {
      "action_time": "2019-01-15T21:42:09.096Z",
      "user": 1,
      "content_type": 14,
      "object_id": "78",
      "object_repr": "\u0417\u0430\u043a\u0430\u0437 Apple iPhone 8 64 Gb.",
      "action_flag": 3,
      "change_message": ""
   }
},
{
   "model": "admin.logentry",
   "pk": 159,
   "fields": {
      "action_time": "2019-01-15T22:07:38.960Z",
      "user": 1,
      "content_type": 14,
      "object_id": "84",
      "object_repr": "\u0417\u0430\u043a\u0430\u0437 Samsung Galaxy J5 16Gb",
      "action_flag": 3,
      "change_message": ""
   }
},
{
   "model": "admin.logentry",
   "pk": 160,
   "fields": {
      "action_time": "2019-01-15T22:07:39.201Z",
      "user": 1,
      "content_type": 14,
      "object_id": "83",
      "object_repr": "\u0417\u0430\u043a\u0430\u0437 Apple iPhone 8 64 Gb.",
      "action_flag": 3,
      "change_message": ""
   }
},
{
   "model": "admin.logentry",
   "pk": 161,
   "fields": {
      "action_time": "2019-01-15T22:07:39.400Z",
      "user": 1,
      "content_type": 14,
      "object_id": "82",
      "object_repr": "\u0417\u0430\u043a\u0430\u0437 Apple MacBook Air 13\u2033",
      "action_flag": 3,
      "change_message": ""
   }
},
{
   "model": "admin.logentry",
   "pk": 162,
   "fields": {
      "action_time": "2019-01-15T22:07:39.624Z",
      "user": 1,
      "content_type": 14,
      "object_id": "81",
      "object_repr": "\u0417\u0430\u043a\u0430\u0437 Apple iPhone 8 64 Gb.",
      "action_flag": 3,
      "change_message": ""
   }
},
{
   "model": "admin.logentry",
   "pk": 163,
   "fields": {
      "action_time": "2019-01-16T21:14:39.425Z",
      "user": 1,
      "content_type": 8,
      "object_id": "5",
      "object_repr": "8000, Samsung Galaxy J8 2018 Black",
      "action_flag": 1,
      "change_message": "[{\"added\": {}}, {\"added\": {\"name\": \"\\u0424\\u043e\\u0442\\u043e\\u0433\\u0440\\u0430\\u0444\\u0438\\u044f\", \"object\": \"\\u0417\\u0430\\u043a\\u0430\\u0437 15\"}}, {\"added\": {\"name\": \"\\u0424\\u043e\\u0442\\u043e\\u0433\\u0440\\u0430\\u0444\\u0438\\u044f\", \"object\": \"\\u0417\\u0430\\u043a\\u0430\\u0437 16\"}}, {\"added\": {\"name\": \"\\u0424\\u043e\\u0442\\u043e\\u0433\\u0440\\u0430\\u0444\\u0438\\u044f\", \"object\": \"\\u0417\\u0430\\u043a\\u0430\\u0437 17\"}}]"
   }
},
{
   "model": "admin.logentry",
   "pk": 164,
   "fields": {
      "action_time": "2019-01-16T21:16:27.678Z",
      "user": 1,
      "content_type": 8,
      "object_id": "5",
      "object_repr": "7800.00, Samsung Galaxy J8 2018 Black",
      "action_flag": 2,
      "change_message": "[{\"changed\": {\"fields\": [\"price\"]}}]"
   }
},
{
   "model": "admin.logentry",
   "pk": 165,
   "fields": {
      "action_time": "2019-01-16T21:37:18.742Z",
      "user": 1,
      "content_type": 8,
      "object_id": "1",
      "object_repr": "32000, Samsung Galaxy Note9",
      "action_flag": 2,
      "change_message": "[{\"changed\": {\"fields\": [\"name\", \"price\", \"short_description\", \"description\"]}}, {\"added\": {\"name\": \"\\u0424\\u043e\\u0442\\u043e\\u0433\\u0440\\u0430\\u0444\\u0438\\u044f\", \"object\": \"\\u0417\\u0430\\u043a\\u0430\\u0437 18\"}}, {\"deleted\": {\"name\": \"\\u0424\\u043e\\u0442\\u043e\\u0433\\u0440\\u0430\\u0444\\u0438\\u044f\", \"object\": \"\\u0417\\u0430\\u043a\\u0430\\u0437 None\"}}, {\"deleted\": {\"name\": \"\\u0424\\u043e\\u0442\\u043e\\u0433\\u0440\\u0430\\u0444\\u0438\\u044f\", \"object\": \"\\u0417\\u0430\\u043a\\u0430\\u0437 None\"}}]"
   }
},
{
   "model": "admin.logentry",
   "pk": 166,
   "fields": {
      "action_time": "2019-01-16T21:38:53.572Z",
      "user": 1,
      "content_type": 8,
      "object_id": "5",
      "object_repr": "7800.00, Samsung Galaxy J8 2018 Black",
      "action_flag": 2,
      "change_message": "[{\"changed\": {\"name\": \"\\u0424\\u043e\\u0442\\u043e\\u0433\\u0440\\u0430\\u0444\\u0438\\u044f\", \"object\": \"\\u0417\\u0430\\u043a\\u0430\\u0437 15\", \"fields\": [\"is_main\"]}}]"
   }
},
{
   "model": "admin.logentry",
   "pk": 167,
   "fields": {
      "action_time": "2019-01-16T21:39:21.878Z",
      "user": 1,
      "content_type": 8,
      "object_id": "1",
      "object_repr": "32000.00, Samsung Galaxy Note9",
      "action_flag": 2,
      "change_message": "[{\"added\": {\"name\": \"\\u0424\\u043e\\u0442\\u043e\\u0433\\u0440\\u0430\\u0444\\u0438\\u044f\", \"object\": \"\\u0417\\u0430\\u043a\\u0430\\u0437 19\"}}, {\"added\": {\"name\": \"\\u0424\\u043e\\u0442\\u043e\\u0433\\u0440\\u0430\\u0444\\u0438\\u044f\", \"object\": \"\\u0417\\u0430\\u043a\\u0430\\u0437 20\"}}, {\"changed\": {\"name\": \"\\u0424\\u043e\\u0442\\u043e\\u0433\\u0440\\u0430\\u0444\\u0438\\u044f\", \"object\": \"\\u0417\\u0430\\u043a\\u0430\\u0437 18\", \"fields\": [\"is_main\"]}}]"
   }
},
{
   "model": "admin.logentry",
   "pk": 168,
   "fields": {
      "action_time": "2019-01-16T21:41:07.097Z",
      "user": 1,
      "content_type": 8,
      "object_id": "5",
      "object_repr": "7800.00, Samsung Galaxy J8 2018 Black",
      "action_flag": 2,
      "change_message": "[{\"changed\": {\"name\": \"\\u0424\\u043e\\u0442\\u043e\\u0433\\u0440\\u0430\\u0444\\u0438\\u044f\", \"object\": \"\\u0417\\u0430\\u043a\\u0430\\u0437 15\", \"fields\": [\"is_main\", \"is_active\"]}}, {\"changed\": {\"name\": \"\\u0424\\u043e\\u0442\\u043e\\u0433\\u0440\\u0430\\u0444\\u0438\\u044f\", \"object\": \"\\u0417\\u0430\\u043a\\u0430\\u0437 16\", \"fields\": [\"is_active\"]}}, {\"changed\": {\"name\": \"\\u0424\\u043e\\u0442\\u043e\\u0433\\u0440\\u0430\\u0444\\u0438\\u044f\", \"object\": \"\\u0417\\u0430\\u043a\\u0430\\u0437 17\", \"fields\": [\"is_main\"]}}]"
   }
},
{
   "model": "admin.logentry",
   "pk": 169,
   "fields": {
      "action_time": "2019-01-16T21:41:17.765Z",
      "user": 1,
      "content_type": 8,
      "object_id": "5",
      "object_repr": "7800.00, Samsung Galaxy J8 2018 Black",
      "action_flag": 2,
      "change_message": "[]"
   }
},
{
   "model": "admin.logentry",
   "pk": 170,
   "fields": {
      "action_time": "2019-01-16T21:41:33.995Z",
      "user": 1,
      "content_type": 8,
      "object_id": "5",
      "object_repr": "7800.00, Samsung Galaxy J8 2018 Black",
      "action_flag": 2,
      "change_message": "[{\"changed\": {\"name\": \"\\u0424\\u043e\\u0442\\u043e\\u0433\\u0440\\u0430\\u0444\\u0438\\u044f\", \"object\": \"\\u0417\\u0430\\u043a\\u0430\\u0437 16\", \"fields\": [\"is_main\", \"is_active\"]}}, {\"changed\": {\"name\": \"\\u0424\\u043e\\u0442\\u043e\\u0433\\u0440\\u0430\\u0444\\u0438\\u044f\", \"object\": \"\\u0417\\u0430\\u043a\\u0430\\u0437 17\", \"fields\": [\"is_main\", \"is_active\"]}}]"
   }
},
{
   "model": "admin.logentry",
   "pk": 171,
   "fields": {
      "action_time": "2019-01-16T21:42:36.909Z",
      "user": 1,
      "content_type": 8,
      "object_id": "5",
      "object_repr": "7800.00, Samsung Galaxy J8 2018 Black",
      "action_flag": 2,
      "change_message": "[{\"changed\": {\"name\": \"\\u0424\\u043e\\u0442\\u043e\\u0433\\u0440\\u0430\\u0444\\u0438\\u044f\", \"object\": \"\\u0417\\u0430\\u043a\\u0430\\u0437 15\", \"fields\": [\"image\", \"is_main\", \"is_active\"]}}, {\"changed\": {\"name\": \"\\u0424\\u043e\\u0442\\u043e\\u0433\\u0440\\u0430\\u0444\\u0438\\u044f\", \"object\": \"\\u0417\\u0430\\u043a\\u0430\\u0437 16\", \"fields\": [\"image\", \"is_main\", \"is_active\"]}}]"
   }
},
{
   "model": "admin.logentry",
   "pk": 172,
   "fields": {
      "action_time": "2019-01-16T21:43:08.774Z",
      "user": 1,
      "content_type": 8,
      "object_id": "5",
      "object_repr": "7800.00, Samsung Galaxy J8 2018 Black",
      "action_flag": 2,
      "change_message": "[{\"changed\": {\"name\": \"\\u0424\\u043e\\u0442\\u043e\\u0433\\u0440\\u0430\\u0444\\u0438\\u044f\", \"object\": \"\\u0417\\u0430\\u043a\\u0430\\u0437 16\", \"fields\": [\"is_active\"]}}, {\"changed\": {\"name\": \"\\u0424\\u043e\\u0442\\u043e\\u0433\\u0440\\u0430\\u0444\\u0438\\u044f\", \"object\": \"\\u0417\\u0430\\u043a\\u0430\\u0437 17\", \"fields\": [\"is_active\"]}}]"
   }
},
{
   "model": "admin.logentry",
   "pk": 173,
   "fields": {
      "action_time": "2019-01-16T21:54:28.428Z",
      "user": 1,
      "content_type": 8,
      "object_id": "5",
      "object_repr": "7800.00, Samsung Galaxy J8 2018 Black",
      "action_flag": 2,
      "change_message": "[{\"changed\": {\"fields\": [\"short_description\"]}}]"
   }
},
{
   "model": "admin.logentry",
   "pk": 174,
   "fields": {
      "action_time": "2019-01-16T21:57:00.662Z",
      "user": 1,
      "content_type": 8,
      "object_id": "5",
      "object_repr": "7800.00, Samsung Galaxy J8 2018 Black",
      "action_flag": 2,
      "change_message": "[{\"changed\": {\"fields\": [\"short_description\"]}}]"
   }
},
{
   "model": "admin.logentry",
   "pk": 175,
   "fields": {
      "action_time": "2019-01-16T21:57:27.309Z",
      "user": 1,
      "content_type": 8,
      "object_id": "5",
      "object_repr": "7800.00, Samsung Galaxy J8 2018 Black",
      "action_flag": 2,
      "change_message": "[{\"changed\": {\"fields\": [\"short_description\"]}}]"
   }
},
{
   "model": "admin.logentry",
   "pk": 176,
   "fields": {
      "action_time": "2019-01-16T22:14:54.573Z",
      "user": 1,
      "content_type": 8,
      "object_id": "4",
      "object_repr": "5800.00, Samsung Galaxy J7 16Gb",
      "action_flag": 2,
      "change_message": "[{\"changed\": {\"fields\": [\"is_popular_models\"]}}]"
   }
},
{
   "model": "admin.logentry",
   "pk": 177,
   "fields": {
      "action_time": "2019-01-16T22:28:09.633Z",
      "user": 1,
      "content_type": 13,
      "object_id": "3",
      "object_repr": "\u043f\u043e\u043f",
      "action_flag": 1,
      "change_message": "[{\"added\": {}}]"
   }
},
{
   "model": "admin.logentry",
   "pk": 178,
   "fields": {
      "action_time": "2019-01-16T22:28:31.606Z",
      "user": 1,
      "content_type": 13,
      "object_id": "3",
      "object_repr": "None",
      "action_flag": 2,
      "change_message": "[{\"changed\": {\"fields\": [\"name\"]}}]"
   }
},
{
   "model": "admin.logentry",
   "pk": 179,
   "fields": {
      "action_time": "2019-01-16T22:28:38.057Z",
      "user": 1,
      "content_type": 8,
      "object_id": "5",
      "object_repr": "7800.00, Samsung Galaxy J8 2018 Black",
      "action_flag": 2,
      "change_message": "[]"
   }
},
{
   "model": "admin.logentry",
   "pk": 180,
   "fields": {
      "action_time": "2019-01-18T19:35:27.209Z",
      "user": 1,
      "content_type": 8,
      "object_id": "5",
      "object_repr": "7800.00, Samsung Galaxy J8 2018 Black",
      "action_flag": 2,
      "change_message": "[{\"changed\": {\"fields\": [\"short_description\"]}}]"
   }
},
{
   "model": "admin.logentry",
   "pk": 181,
   "fields": {
      "action_time": "2019-01-18T20:49:12.477Z",
      "user": 1,
      "content_type": 8,
      "object_id": "1",
      "object_repr": "32000.00, Samsung Galaxy Note9",
      "action_flag": 2,
      "change_message": "[{\"changed\": {\"fields\": [\"is_popular\"]}}]"
   }
},
{
   "model": "admin.logentry",
   "pk": 182,
   "fields": {
      "action_time": "2019-01-18T21:12:35.083Z",
      "user": 1,
      "content_type": 9,
      "object_id": "18",
      "object_repr": "\u0417\u0430\u043a\u0430\u0437 18",
      "action_flag": 2,
      "change_message": "[{\"changed\": {\"fields\": [\"new_models\"]}}]"
   }
},
{
   "model": "admin.logentry",
   "pk": 183,
   "fields": {
      "action_time": "2019-01-18T21:12:49.534Z",
      "user": 1,
      "content_type": 9,
      "object_id": "15",
      "object_repr": "\u0417\u0430\u043a\u0430\u0437 15",
      "action_flag": 2,
      "change_message": "[{\"changed\": {\"fields\": [\"new_models\"]}}]"
   }
},
{
   "model": "admin.logentry",
   "pk": 184,
   "fields": {
      "action_time": "2019-01-18T21:20:20.117Z",
      "user": 1,
      "content_type": 9,
      "object_id": "11",
      "object_repr": "\u0417\u0430\u043a\u0430\u0437 11",
      "action_flag": 2,
      "change_message": "[{\"changed\": {\"fields\": [\"new_models\"]}}]"
   }
},
{
   "model": "admin.logentry",
   "pk": 185,
   "fields": {
      "action_time": "2019-01-18T21:20:29.716Z",
      "user": 1,
      "content_type": 9,
      "object_id": "9",
      "object_repr": "\u0417\u0430\u043a\u0430\u0437 9",
      "action_flag": 2,
      "change_message": "[{\"changed\": {\"fields\": [\"new_models\"]}}]"
   }
},
{
   "model": "admin.logentry",
   "pk": 186,
   "fields": {
      "action_time": "2019-01-18T21:20:56.672Z",
      "user": 1,
      "content_type": 9,
      "object_id": "9",
      "object_repr": "\u0417\u0430\u043a\u0430\u0437 9",
      "action_flag": 2,
      "change_message": "[{\"changed\": {\"fields\": [\"new_models\"]}}]"
   }
},
{
   "model": "admin.logentry",
   "pk": 187,
   "fields": {
      "action_time": "2019-01-18T21:21:04.352Z",
      "user": 1,
      "content_type": 9,
      "object_id": "7",
      "object_repr": "\u0417\u0430\u043a\u0430\u0437 7",
      "action_flag": 2,
      "change_message": "[{\"changed\": {\"fields\": [\"new_models\"]}}]"
   }
},
{
   "model": "admin.logentry",
   "pk": 188,
   "fields": {
      "action_time": "2019-01-18T21:27:50.593Z",
      "user": 1,
      "content_type": 8,
      "object_id": "5",
      "object_repr": "7800.00, Samsung Galaxy J8 2018 Black",
      "action_flag": 2,
      "change_message": "[{\"changed\": {\"fields\": [\"new_models\"]}}]"
   }
},
{
   "model": "admin.logentry",
   "pk": 189,
   "fields": {
      "action_time": "2019-01-18T21:28:00.385Z",
      "user": 1,
      "content_type": 8,
      "object_id": "2",
      "object_repr": "38000.00, Apple MacBook Air 13\u2033",
      "action_flag": 2,
      "change_message": "[{\"changed\": {\"fields\": [\"new_models\"]}}]"
   }
},
{
   "model": "admin.logentry",
   "pk": 190,
   "fields": {
      "action_time": "2019-01-18T21:29:35.296Z",
      "user": 1,
      "content_type": 8,
      "object_id": "4",
      "object_repr": "5800.00, Samsung Galaxy J7 16Gb",
      "action_flag": 2,
      "change_message": "[{\"changed\": {\"fields\": [\"new_models\", \"discount\"]}}]"
   }
},
{
   "model": "admin.logentry",
   "pk": 191,
   "fields": {
      "action_time": "2019-01-18T21:31:38.879Z",
      "user": 1,
      "content_type": 8,
      "object_id": "1",
      "object_repr": "32000.00, Samsung Galaxy Note9",
      "action_flag": 2,
      "change_message": "[{\"changed\": {\"fields\": [\"new_models\"]}}]"
   }
},
{
   "model": "admin.logentry",
   "pk": 192,
   "fields": {
      "action_time": "2019-01-18T21:32:49.593Z",
      "user": 1,
      "content_type": 8,
      "object_id": "1",
      "object_repr": "32000.00, Samsung Galaxy Note9",
      "action_flag": 2,
      "change_message": "[{\"changed\": {\"fields\": [\"new_models\"]}}]"
   }
},
{
   "model": "admin.logentry",
   "pk": 193,
   "fields": {
      "action_time": "2019-01-18T21:33:04.297Z",
      "user": 1,
      "content_type": 8,
      "object_id": "3",
      "object_repr": "4600.00, Samsung Galaxy J5 16Gb",
      "action_flag": 2,
      "change_message": "[{\"changed\": {\"fields\": [\"new_models\"]}}]"
   }
},
{
   "model": "admin.logentry",
   "pk": 194,
   "fields": {
      "action_time": "2019-01-18T21:36:29.528Z",
      "user": 1,
      "content_type": 8,
      "object_id": "1",
      "object_repr": "32000.00, Samsung Galaxy Note9",
      "action_flag": 2,
      "change_message": "[{\"changed\": {\"fields\": [\"short_description\", \"description\"]}}]"
   }
},
{
   "model": "admin.logentry",
   "pk": 195,
   "fields": {
      "action_time": "2019-01-18T21:40:24.206Z",
      "user": 1,
      "content_type": 8,
      "object_id": "1",
      "object_repr": "32000.00, Samsung Galaxy Note9",
      "action_flag": 2,
      "change_message": "[{\"changed\": {\"fields\": [\"short_description\"]}}]"
   }
},
{
   "model": "admin.logentry",
   "pk": 196,
   "fields": {
      "action_time": "2019-01-18T21:40:59.153Z",
      "user": 1,
      "content_type": 8,
      "object_id": "1",
      "object_repr": "32000.00, Samsung Galaxy Note9",
      "action_flag": 2,
      "change_message": "[{\"changed\": {\"fields\": [\"short_description\"]}}]"
   }
},
{
   "model": "admin.logentry",
   "pk": 197,
   "fields": {
      "action_time": "2019-01-18T21:41:22.246Z",
      "user": 1,
      "content_type": 8,
      "object_id": "1",
      "object_repr": "32000.00, Samsung Galaxy Note9",
      "action_flag": 2,
      "change_message": "[{\"changed\": {\"fields\": [\"short_description\"]}}]"
   }
},
{
   "model": "admin.logentry",
   "pk": 198,
   "fields": {
      "action_time": "2019-01-18T21:42:18.188Z",
      "user": 1,
      "content_type": 8,
      "object_id": "1",
      "object_repr": "32000.00, Samsung Galaxy Note9",
      "action_flag": 2,
      "change_message": "[{\"changed\": {\"fields\": [\"short_description\"]}}]"
   }
},
{
   "model": "admin.logentry",
   "pk": 199,
   "fields": {
      "action_time": "2019-01-18T21:43:06.719Z",
      "user": 1,
      "content_type": 8,
      "object_id": "1",
      "object_repr": "32000.00, Samsung Galaxy Note9",
      "action_flag": 2,
      "change_message": "[{\"changed\": {\"fields\": [\"short_description\"]}}]"
   }
},
{
   "model": "admin.logentry",
   "pk": 200,
   "fields": {
      "action_time": "2019-01-18T21:43:33.781Z",
      "user": 1,
      "content_type": 8,
      "object_id": "1",
      "object_repr": "32000.00, Samsung Galaxy Note9",
      "action_flag": 2,
      "change_message": "[{\"changed\": {\"fields\": [\"short_description\"]}}]"
   }
},
{
   "model": "admin.logentry",
   "pk": 201,
   "fields": {
      "action_time": "2019-01-18T21:44:00.546Z",
      "user": 1,
      "content_type": 8,
      "object_id": "1",
      "object_repr": "32000.00, Samsung Galaxy Note9",
      "action_flag": 2,
      "change_message": "[{\"changed\": {\"fields\": [\"short_description\"]}}]"
   }
},
{
   "model": "admin.logentry",
   "pk": 202,
   "fields": {
      "action_time": "2019-01-18T21:45:09.988Z",
      "user": 1,
      "content_type": 8,
      "object_id": "1",
      "object_repr": "32000.00, Samsung Galaxy Note9",
      "action_flag": 2,
      "change_message": "[{\"changed\": {\"fields\": [\"short_description\"]}}]"
   }
},
{
   "model": "admin.logentry",
   "pk": 203,
   "fields": {
      "action_time": "2019-01-18T21:47:10.382Z",
      "user": 1,
      "content_type": 8,
      "object_id": "1",
      "object_repr": "32000.00, Samsung Galaxy Note9",
      "action_flag": 2,
      "change_message": "[{\"changed\": {\"fields\": [\"short_description\"]}}]"
   }
},
{
   "model": "admin.logentry",
   "pk": 204,
   "fields": {
      "action_time": "2019-01-18T21:47:57.570Z",
      "user": 1,
      "content_type": 8,
      "object_id": "1",
      "object_repr": "32000.00, Samsung Galaxy Note9",
      "action_flag": 2,
      "change_message": "[{\"changed\": {\"fields\": [\"short_description\"]}}]"
   }
},
{
   "model": "admin.logentry",
   "pk": 205,
   "fields": {
      "action_time": "2019-01-18T21:47:58.175Z",
      "user": 1,
      "content_type": 8,
      "object_id": "1",
      "object_repr": "32000.00, Samsung Galaxy Note9",
      "action_flag": 2,
      "change_message": "[]"
   }
},
{
   "model": "admin.logentry",
   "pk": 206,
   "fields": {
      "action_time": "2019-01-18T21:48:54.919Z",
      "user": 1,
      "content_type": 8,
      "object_id": "1",
      "object_repr": "32000.00, Samsung Galaxy Note9",
      "action_flag": 2,
      "change_message": "[{\"changed\": {\"fields\": [\"short_description\"]}}]"
   }
},
{
   "model": "admin.logentry",
   "pk": 207,
   "fields": {
      "action_time": "2019-01-18T21:49:32.419Z",
      "user": 1,
      "content_type": 8,
      "object_id": "1",
      "object_repr": "32000.00, Samsung Galaxy Note9",
      "action_flag": 2,
      "change_message": "[{\"changed\": {\"fields\": [\"short_description\"]}}]"
   }
},
{
   "model": "admin.logentry",
   "pk": 208,
   "fields": {
      "action_time": "2019-01-18T21:49:49.784Z",
      "user": 1,
      "content_type": 8,
      "object_id": "1",
      "object_repr": "32000.00, Samsung Galaxy Note9",
      "action_flag": 2,
      "change_message": "[]"
   }
},
{
   "model": "admin.logentry",
   "pk": 209,
   "fields": {
      "action_time": "2019-01-18T21:50:10.580Z",
      "user": 1,
      "content_type": 8,
      "object_id": "1",
      "object_repr": "32000.00, Samsung Galaxy Note9",
      "action_flag": 2,
      "change_message": "[]"
   }
},
{
   "model": "admin.logentry",
   "pk": 210,
   "fields": {
      "action_time": "2019-01-18T21:58:19.218Z",
      "user": 1,
      "content_type": 8,
      "object_id": "1",
      "object_repr": "32000.00, Samsung Galaxy Note9",
      "action_flag": 2,
      "change_message": "[{\"changed\": {\"name\": \"\\u0424\\u043e\\u0442\\u043e\\u0433\\u0440\\u0430\\u0444\\u0438\\u044f\", \"object\": \"\\u0417\\u0430\\u043a\\u0430\\u0437 18\", \"fields\": [\"image\"]}}]"
   }
},
{
   "model": "admin.logentry",
   "pk": 211,
   "fields": {
      "action_time": "2019-01-18T22:00:45.679Z",
      "user": 1,
      "content_type": 8,
      "object_id": "1",
      "object_repr": "32000.00, Samsung Galaxy Note9",
      "action_flag": 2,
      "change_message": "[{\"changed\": {\"fields\": [\"short_description\"]}}]"
   }
},
{
   "model": "admin.logentry",
   "pk": 212,
   "fields": {
      "action_time": "2019-01-18T22:07:10.561Z",
      "user": 1,
      "content_type": 8,
      "object_id": "1",
      "object_repr": "32000.00, Samsung Galaxy Note9",
      "action_flag": 2,
      "change_message": "[{\"changed\": {\"fields\": [\"short_description\"]}}]"
   }
},
{
   "model": "admin.logentry",
   "pk": 213,
   "fields": {
      "action_time": "2019-01-18T22:08:11.351Z",
      "user": 1,
      "content_type": 8,
      "object_id": "1",
      "object_repr": "32000.00, Samsung Galaxy Note9",
      "action_flag": 2,
      "change_message": "[{\"changed\": {\"fields\": [\"short_description\"]}}]"
   }
},
{
   "model": "admin.logentry",
   "pk": 214,
   "fields": {
      "action_time": "2019-01-18T22:08:36.126Z",
      "user": 1,
      "content_type": 8,
      "object_id": "1",
      "object_repr": "32000.00, Samsung Galaxy Note9",
      "action_flag": 2,
      "change_message": "[{\"changed\": {\"fields\": [\"short_description\"]}}]"
   }
},
{
   "model": "admin.logentry",
   "pk": 215,
   "fields": {
      "action_time": "2019-01-18T22:12:11.900Z",
      "user": 1,
      "content_type": 8,
      "object_id": "1",
      "object_repr": "32000.00, Samsung Galaxy Note9",
      "action_flag": 2,
      "change_message": "[{\"changed\": {\"name\": \"\\u0424\\u043e\\u0442\\u043e\\u0433\\u0440\\u0430\\u0444\\u0438\\u044f\", \"object\": \"\\u0417\\u0430\\u043a\\u0430\\u0437 18\", \"fields\": [\"image\"]}}]"
   }
},
{
   "model": "admin.logentry",
   "pk": 216,
   "fields": {
      "action_time": "2019-01-18T22:21:35.660Z",
      "user": 1,
      "content_type": 8,
      "object_id": "1",
      "object_repr": "32000.00, Samsung Galaxy Note9",
      "action_flag": 2,
      "change_message": "[{\"changed\": {\"fields\": [\"short_description\"]}}]"
   }
},
{
   "model": "admin.logentry",
   "pk": 217,
   "fields": {
      "action_time": "2019-01-18T22:24:02.733Z",
      "user": 1,
      "content_type": 8,
      "object_id": "1",
      "object_repr": "32000.00, Samsung Galaxy Note9",
      "action_flag": 2,
      "change_message": "[{\"changed\": {\"name\": \"\\u0424\\u043e\\u0442\\u043e\\u0433\\u0440\\u0430\\u0444\\u0438\\u044f\", \"object\": \"\\u0417\\u0430\\u043a\\u0430\\u0437 18\", \"fields\": [\"image\"]}}]"
   }
},
{
   "model": "admin.logentry",
   "pk": 218,
   "fields": {
      "action_time": "2019-01-18T22:30:30.246Z",
      "user": 1,
      "content_type": 8,
      "object_id": "1",
      "object_repr": "32000.00, Samsung Galaxy Note9",
      "action_flag": 2,
      "change_message": "[{\"changed\": {\"name\": \"\\u0424\\u043e\\u0442\\u043e\\u0433\\u0440\\u0430\\u0444\\u0438\\u044f\", \"object\": \"\\u0417\\u0430\\u043a\\u0430\\u0437 18\", \"fields\": [\"image\"]}}]"
   }
},
{
   "model": "admin.logentry",
   "pk": 219,
   "fields": {
      "action_time": "2019-01-18T22:31:39.013Z",
      "user": 1,
      "content_type": 8,
      "object_id": "1",
      "object_repr": "32000.00, Samsung Galaxy Note9",
      "action_flag": 2,
      "change_message": "[{\"changed\": {\"name\": \"\\u0424\\u043e\\u0442\\u043e\\u0433\\u0440\\u0430\\u0444\\u0438\\u044f\", \"object\": \"\\u0417\\u0430\\u043a\\u0430\\u0437 18\", \"fields\": [\"image\"]}}]"
   }
},
{
   "model": "admin.logentry",
   "pk": 220,
   "fields": {
      "action_time": "2019-01-18T22:34:47.015Z",
      "user": 1,
      "content_type": 8,
      "object_id": "1",
      "object_repr": "32000.00, Samsung Galaxy Note9",
      "action_flag": 2,
      "change_message": "[{\"changed\": {\"name\": \"\\u0424\\u043e\\u0442\\u043e\\u0433\\u0440\\u0430\\u0444\\u0438\\u044f\", \"object\": \"\\u0417\\u0430\\u043a\\u0430\\u0437 18\", \"fields\": [\"image\"]}}]"
   }
},
{
   "model": "admin.logentry",
   "pk": 221,
   "fields": {
      "action_time": "2019-01-18T22:35:12.531Z",
      "user": 1,
      "content_type": 8,
      "object_id": "1",
      "object_repr": "32000.00, Samsung Galaxy Note9",
      "action_flag": 2,
      "change_message": "[{\"changed\": {\"name\": \"\\u0424\\u043e\\u0442\\u043e\\u0433\\u0440\\u0430\\u0444\\u0438\\u044f\", \"object\": \"\\u0417\\u0430\\u043a\\u0430\\u0437 18\", \"fields\": [\"image\"]}}]"
   }
},
{
   "model": "admin.logentry",
   "pk": 222,
   "fields": {
      "action_time": "2019-01-18T22:37:20.894Z",
      "user": 1,
      "content_type": 8,
      "object_id": "1",
      "object_repr": "32000.00, Samsung Galaxy Note9",
      "action_flag": 2,
      "change_message": "[{\"changed\": {\"name\": \"\\u0424\\u043e\\u0442\\u043e\\u0433\\u0440\\u0430\\u0444\\u0438\\u044f\", \"object\": \"\\u0417\\u0430\\u043a\\u0430\\u0437 18\", \"fields\": [\"image\"]}}]"
   }
},
{
   "model": "admin.logentry",
   "pk": 223,
   "fields": {
      "action_time": "2019-01-18T22:40:18.646Z",
      "user": 1,
      "content_type": 8,
      "object_id": "1",
      "object_repr": "32000.00, Samsung Galaxy Note9",
      "action_flag": 2,
      "change_message": "[{\"changed\": {\"name\": \"\\u0424\\u043e\\u0442\\u043e\\u0433\\u0440\\u0430\\u0444\\u0438\\u044f\", \"object\": \"\\u0417\\u0430\\u043a\\u0430\\u0437 18\", \"fields\": [\"image\"]}}]"
   }
},
{
   "model": "admin.logentry",
   "pk": 224,
   "fields": {
      "action_time": "2019-01-18T22:41:10.161Z",
      "user": 1,
      "content_type": 8,
      "object_id": "1",
      "object_repr": "32000.00, Samsung Galaxy Note9",
      "action_flag": 2,
      "change_message": "[{\"changed\": {\"name\": \"\\u0424\\u043e\\u0442\\u043e\\u0433\\u0440\\u0430\\u0444\\u0438\\u044f\", \"object\": \"\\u0417\\u0430\\u043a\\u0430\\u0437 18\", \"fields\": [\"image\"]}}]"
   }
},
{
   "model": "admin.logentry",
   "pk": 225,
   "fields": {
      "action_time": "2019-01-18T22:41:29.916Z",
      "user": 1,
      "content_type": 8,
      "object_id": "1",
      "object_repr": "32000.00, Samsung Galaxy Note9",
      "action_flag": 2,
      "change_message": "[{\"changed\": {\"name\": \"\\u0424\\u043e\\u0442\\u043e\\u0433\\u0440\\u0430\\u0444\\u0438\\u044f\", \"object\": \"\\u0417\\u0430\\u043a\\u0430\\u0437 18\", \"fields\": [\"image\"]}}]"
   }
},
{
   "model": "admin.logentry",
   "pk": 226,
   "fields": {
      "action_time": "2019-01-18T22:42:11.665Z",
      "user": 1,
      "content_type": 8,
      "object_id": "1",
      "object_repr": "32000.00, Samsung Galaxy Note9",
      "action_flag": 2,
      "change_message": "[{\"changed\": {\"name\": \"\\u0424\\u043e\\u0442\\u043e\\u0433\\u0440\\u0430\\u0444\\u0438\\u044f\", \"object\": \"\\u0417\\u0430\\u043a\\u0430\\u0437 18\", \"fields\": [\"image\"]}}]"
   }
},
{
   "model": "admin.logentry",
   "pk": 227,
   "fields": {
      "action_time": "2019-01-18T22:42:41.310Z",
      "user": 1,
      "content_type": 8,
      "object_id": "1",
      "object_repr": "32000.00, Samsung Galaxy Note9",
      "action_flag": 2,
      "change_message": "[{\"changed\": {\"name\": \"\\u0424\\u043e\\u0442\\u043e\\u0433\\u0440\\u0430\\u0444\\u0438\\u044f\", \"object\": \"\\u0417\\u0430\\u043a\\u0430\\u0437 18\", \"fields\": [\"image\"]}}]"
   }
},
{
   "model": "admin.logentry",
   "pk": 228,
   "fields": {
      "action_time": "2019-01-18T22:44:40.058Z",
      "user": 1,
      "content_type": 8,
      "object_id": "1",
      "object_repr": "32000.00, Samsung Galaxy Note9",
      "action_flag": 2,
      "change_message": "[{\"changed\": {\"name\": \"\\u0424\\u043e\\u0442\\u043e\\u0433\\u0440\\u0430\\u0444\\u0438\\u044f\", \"object\": \"\\u0417\\u0430\\u043a\\u0430\\u0437 18\", \"fields\": [\"image\"]}}]"
   }
},
{
   "model": "admin.logentry",
   "pk": 229,
   "fields": {
      "action_time": "2019-01-18T22:46:57.547Z",
      "user": 1,
      "content_type": 8,
      "object_id": "1",
      "object_repr": "32000.00, Samsung Galaxy Note9",
      "action_flag": 2,
      "change_message": "[{\"changed\": {\"name\": \"\\u0424\\u043e\\u0442\\u043e\\u0433\\u0440\\u0430\\u0444\\u0438\\u044f\", \"object\": \"\\u0417\\u0430\\u043a\\u0430\\u0437 18\", \"fields\": [\"image\"]}}]"
   }
},
{
   "model": "admin.logentry",
   "pk": 230,
   "fields": {
      "action_time": "2019-01-18T22:48:34.790Z",
      "user": 1,
      "content_type": 8,
      "object_id": "1",
      "object_repr": "32000.00, Samsung Galaxy Note9",
      "action_flag": 2,
      "change_message": "[{\"changed\": {\"name\": \"\\u0424\\u043e\\u0442\\u043e\\u0433\\u0440\\u0430\\u0444\\u0438\\u044f\", \"object\": \"\\u0417\\u0430\\u043a\\u0430\\u0437 18\", \"fields\": [\"image\"]}}]"
   }
},
{
   "model": "admin.logentry",
   "pk": 231,
   "fields": {
      "action_time": "2019-01-18T22:49:51.155Z",
      "user": 1,
      "content_type": 8,
      "object_id": "1",
      "object_repr": "32000.00, Samsung Galaxy Note9",
      "action_flag": 2,
      "change_message": "[{\"changed\": {\"name\": \"\\u0424\\u043e\\u0442\\u043e\\u0433\\u0440\\u0430\\u0444\\u0438\\u044f\", \"object\": \"\\u0417\\u0430\\u043a\\u0430\\u0437 18\", \"fields\": [\"image\"]}}]"
   }
},
{
   "model": "admin.logentry",
   "pk": 232,
   "fields": {
      "action_time": "2019-01-18T22:50:38.075Z",
      "user": 1,
      "content_type": 8,
      "object_id": "1",
      "object_repr": "32000.00, Samsung Galaxy Note9",
      "action_flag": 2,
      "change_message": "[{\"changed\": {\"name\": \"\\u0424\\u043e\\u0442\\u043e\\u0433\\u0440\\u0430\\u0444\\u0438\\u044f\", \"object\": \"\\u0417\\u0430\\u043a\\u0430\\u0437 18\", \"fields\": [\"image\"]}}]"
   }
},
{
   "model": "admin.logentry",
   "pk": 233,
   "fields": {
      "action_time": "2019-01-18T22:52:34.582Z",
      "user": 1,
      "content_type": 8,
      "object_id": "1",
      "object_repr": "32000.00, Samsung Galaxy Note9",
      "action_flag": 2,
      "change_message": "[{\"changed\": {\"name\": \"\\u0424\\u043e\\u0442\\u043e\\u0433\\u0440\\u0430\\u0444\\u0438\\u044f\", \"object\": \"\\u0417\\u0430\\u043a\\u0430\\u0437 18\", \"fields\": [\"image\"]}}]"
   }
},
{
   "model": "admin.logentry",
   "pk": 234,
   "fields": {
      "action_time": "2019-01-18T22:54:24.167Z",
      "user": 1,
      "content_type": 8,
      "object_id": "1",
      "object_repr": "32000.00, Samsung Galaxy Note9",
      "action_flag": 2,
      "change_message": "[{\"changed\": {\"name\": \"\\u0424\\u043e\\u0442\\u043e\\u0433\\u0440\\u0430\\u0444\\u0438\\u044f\", \"object\": \"\\u0417\\u0430\\u043a\\u0430\\u0437 18\", \"fields\": [\"image\"]}}]"
   }
},
{
   "model": "admin.logentry",
   "pk": 235,
   "fields": {
      "action_time": "2019-01-18T22:54:49.884Z",
      "user": 1,
      "content_type": 8,
      "object_id": "1",
      "object_repr": "32000.00, Samsung Galaxy Note9",
      "action_flag": 2,
      "change_message": "[{\"changed\": {\"name\": \"\\u0424\\u043e\\u0442\\u043e\\u0433\\u0440\\u0430\\u0444\\u0438\\u044f\", \"object\": \"\\u0417\\u0430\\u043a\\u0430\\u0437 18\", \"fields\": [\"image\"]}}]"
   }
},
{
   "model": "admin.logentry",
   "pk": 236,
   "fields": {
      "action_time": "2019-01-18T22:55:57.298Z",
      "user": 1,
      "content_type": 8,
      "object_id": "1",
      "object_repr": "32000.00, Samsung Galaxy Note9",
      "action_flag": 2,
      "change_message": "[{\"changed\": {\"name\": \"\\u0424\\u043e\\u0442\\u043e\\u0433\\u0440\\u0430\\u0444\\u0438\\u044f\", \"object\": \"\\u0417\\u0430\\u043a\\u0430\\u0437 18\", \"fields\": [\"image\"]}}]"
   }
},
{
   "model": "admin.logentry",
   "pk": 237,
   "fields": {
      "action_time": "2019-01-18T22:56:47.713Z",
      "user": 1,
      "content_type": 8,
      "object_id": "1",
      "object_repr": "32000.00, Samsung Galaxy Note9",
      "action_flag": 2,
      "change_message": "[{\"changed\": {\"name\": \"\\u0424\\u043e\\u0442\\u043e\\u0433\\u0440\\u0430\\u0444\\u0438\\u044f\", \"object\": \"\\u0417\\u0430\\u043a\\u0430\\u0437 18\", \"fields\": [\"image\"]}}]"
   }
},
{
   "model": "admin.logentry",
   "pk": 238,
   "fields": {
      "action_time": "2019-01-18T22:57:56.676Z",
      "user": 1,
      "content_type": 8,
      "object_id": "1",
      "object_repr": "32000.00, Samsung Galaxy Note9",
      "action_flag": 2,
      "change_message": "[{\"changed\": {\"name\": \"\\u0424\\u043e\\u0442\\u043e\\u0433\\u0440\\u0430\\u0444\\u0438\\u044f\", \"object\": \"\\u0417\\u0430\\u043a\\u0430\\u0437 19\", \"fields\": [\"image\"]}}]"
   }
},
{
   "model": "admin.logentry",
   "pk": 239,
   "fields": {
      "action_time": "2019-01-18T22:58:39.618Z",
      "user": 1,
      "content_type": 8,
      "object_id": "1",
      "object_repr": "32000.00, Samsung Galaxy Note9",
      "action_flag": 2,
      "change_message": "[{\"changed\": {\"name\": \"\\u0424\\u043e\\u0442\\u043e\\u0433\\u0440\\u0430\\u0444\\u0438\\u044f\", \"object\": \"\\u0417\\u0430\\u043a\\u0430\\u0437 18\", \"fields\": [\"image\"]}}]"
   }
},
{
   "model": "admin.logentry",
   "pk": 240,
   "fields": {
      "action_time": "2019-01-18T22:59:24.982Z",
      "user": 1,
      "content_type": 8,
      "object_id": "1",
      "object_repr": "32000.00, Samsung Galaxy Note9",
      "action_flag": 2,
      "change_message": "[{\"changed\": {\"name\": \"\\u0424\\u043e\\u0442\\u043e\\u0433\\u0440\\u0430\\u0444\\u0438\\u044f\", \"object\": \"\\u0417\\u0430\\u043a\\u0430\\u0437 18\", \"fields\": [\"image\"]}}]"
   }
},
{
   "model": "admin.logentry",
   "pk": 241,
   "fields": {
      "action_time": "2019-01-18T23:00:17.292Z",
      "user": 1,
      "content_type": 8,
      "object_id": "1",
      "object_repr": "32000.00, Samsung Galaxy Note9",
      "action_flag": 2,
      "change_message": "[{\"changed\": {\"name\": \"\\u0424\\u043e\\u0442\\u043e\\u0433\\u0440\\u0430\\u0444\\u0438\\u044f\", \"object\": \"\\u0417\\u0430\\u043a\\u0430\\u0437 18\", \"fields\": [\"image\"]}}]"
   }
},
{
   "model": "admin.logentry",
   "pk": 242,
   "fields": {
      "action_time": "2019-01-18T23:01:40.791Z",
      "user": 1,
      "content_type": 8,
      "object_id": "1",
      "object_repr": "32000.00, Samsung Galaxy Note9",
      "action_flag": 2,
      "change_message": "[{\"changed\": {\"name\": \"\\u0424\\u043e\\u0442\\u043e\\u0433\\u0440\\u0430\\u0444\\u0438\\u044f\", \"object\": \"\\u0417\\u0430\\u043a\\u0430\\u0437 18\", \"fields\": [\"image\"]}}]"
   }
},
{
   "model": "admin.logentry",
   "pk": 243,
   "fields": {
      "action_time": "2019-01-18T23:03:04.699Z",
      "user": 1,
      "content_type": 8,
      "object_id": "1",
      "object_repr": "32000.00, Samsung Galaxy Note9",
      "action_flag": 2,
      "change_message": "[{\"changed\": {\"name\": \"\\u0424\\u043e\\u0442\\u043e\\u0433\\u0440\\u0430\\u0444\\u0438\\u044f\", \"object\": \"\\u0417\\u0430\\u043a\\u0430\\u0437 18\", \"fields\": [\"image\"]}}]"
   }
},
{
   "model": "admin.logentry",
   "pk": 244,
   "fields": {
      "action_time": "2019-01-18T23:05:12.846Z",
      "user": 1,
      "content_type": 8,
      "object_id": "1",
      "object_repr": "32000.00, Samsung Galaxy Note9",
      "action_flag": 2,
      "change_message": "[{\"changed\": {\"name\": \"\\u0424\\u043e\\u0442\\u043e\\u0433\\u0440\\u0430\\u0444\\u0438\\u044f\", \"object\": \"\\u0417\\u0430\\u043a\\u0430\\u0437 18\", \"fields\": [\"image\"]}}]"
   }
},
{
   "model": "admin.logentry",
   "pk": 245,
   "fields": {
      "action_time": "2019-01-18T23:10:10.964Z",
      "user": 1,
      "content_type": 8,
      "object_id": "1",
      "object_repr": "32000.00, Samsung Galaxy Note9",
      "action_flag": 2,
      "change_message": "[{\"changed\": {\"name\": \"\\u0424\\u043e\\u0442\\u043e\\u0433\\u0440\\u0430\\u0444\\u0438\\u044f\", \"object\": \"\\u0417\\u0430\\u043a\\u0430\\u0437 18\", \"fields\": [\"image\"]}}, {\"changed\": {\"name\": \"\\u0424\\u043e\\u0442\\u043e\\u0433\\u0440\\u0430\\u0444\\u0438\\u044f\", \"object\": \"\\u0417\\u0430\\u043a\\u0430\\u0437 19\", \"fields\": [\"image\"]}}, {\"changed\": {\"name\": \"\\u0424\\u043e\\u0442\\u043e\\u0433\\u0440\\u0430\\u0444\\u0438\\u044f\", \"object\": \"\\u0417\\u0430\\u043a\\u0430\\u0437 20\", \"fields\": [\"image\"]}}]"
   }
},
{
   "model": "admin.logentry",
   "pk": 246,
   "fields": {
      "action_time": "2019-01-18T23:18:49.669Z",
      "user": 1,
      "content_type": 8,
      "object_id": "1",
      "object_repr": "15000.00, Samsung Galaxy A9",
      "action_flag": 2,
      "change_message": "[{\"changed\": {\"fields\": [\"name\", \"price\", \"short_description\"]}}, {\"changed\": {\"name\": \"\\u0424\\u043e\\u0442\\u043e\\u0433\\u0440\\u0430\\u0444\\u0438\\u044f\", \"object\": \"\\u0417\\u0430\\u043a\\u0430\\u0437 18\", \"fields\": [\"image\"]}}, {\"changed\": {\"name\": \"\\u0424\\u043e\\u0442\\u043e\\u0433\\u0440\\u0430\\u0444\\u0438\\u044f\", \"object\": \"\\u0417\\u0430\\u043a\\u0430\\u0437 19\", \"fields\": [\"image\"]}}, {\"changed\": {\"name\": \"\\u0424\\u043e\\u0442\\u043e\\u0433\\u0440\\u0430\\u0444\\u0438\\u044f\", \"object\": \"\\u0417\\u0430\\u043a\\u0430\\u0437 20\", \"fields\": [\"image\"]}}]"
   }
},
{
   "model": "admin.logentry",
   "pk": 247,
   "fields": {
      "action_time": "2019-01-18T23:19:40.418Z",
      "user": 1,
      "content_type": 8,
      "object_id": "1",
      "object_repr": "15000.00, Samsung Galaxy A9",
      "action_flag": 2,
      "change_message": "[{\"changed\": {\"fields\": [\"short_description\"]}}]"
   }
},
{
   "model": "admin.logentry",
   "pk": 248,
   "fields": {
      "action_time": "2019-01-18T23:25:52.804Z",
      "user": 1,
      "content_type": 8,
      "object_id": "1",
      "object_repr": "15000.00, Samsung Galaxy A9",
      "action_flag": 2,
      "change_message": "[{\"changed\": {\"fields\": [\"description\"]}}]"
   }
},
{
   "model": "admin.logentry",
   "pk": 249,
   "fields": {
      "action_time": "2019-01-18T23:28:05.415Z",
      "user": 1,
      "content_type": 8,
      "object_id": "1",
      "object_repr": "15000.00, Samsung Galaxy A9",
      "action_flag": 2,
      "change_message": "[{\"changed\": {\"fields\": [\"short_description\"]}}]"
   }
},
{
   "model": "admin.logentry",
   "pk": 250,
   "fields": {
      "action_time": "2019-01-18T23:41:49.172Z",
      "user": 1,
      "content_type": 8,
      "object_id": "6",
      "object_repr": "20000, Samsung Galaxy S8+ 64Gb (Gold)",
      "action_flag": 1,
      "change_message": "[{\"added\": {}}, {\"added\": {\"name\": \"\\u0424\\u043e\\u0442\\u043e\\u0433\\u0440\\u0430\\u0444\\u0438\\u044f\", \"object\": \"\\u0417\\u0430\\u043a\\u0430\\u0437 21\"}}, {\"added\": {\"name\": \"\\u0424\\u043e\\u0442\\u043e\\u0433\\u0440\\u0430\\u0444\\u0438\\u044f\", \"object\": \"\\u0417\\u0430\\u043a\\u0430\\u0437 22\"}}, {\"added\": {\"name\": \"\\u0424\\u043e\\u0442\\u043e\\u0433\\u0440\\u0430\\u0444\\u0438\\u044f\", \"object\": \"\\u0417\\u0430\\u043a\\u0430\\u0437 23\"}}]"
   }
},
{
   "model": "admin.logentry",
   "pk": 251,
   "fields": {
      "action_time": "2019-01-18T23:42:13.578Z",
      "user": 1,
      "content_type": 8,
      "object_id": "3",
      "object_repr": "4600.00, Samsung Galaxy J5 16Gb",
      "action_flag": 2,
      "change_message": "[{\"changed\": {\"fields\": [\"new_models\"]}}]"
   }
},
{
   "model": "admin.logentry",
   "pk": 252,
   "fields": {
      "action_time": "2019-01-18T23:42:32.912Z",
      "user": 1,
      "content_type": 8,
      "object_id": "4",
      "object_repr": "5800.00, Samsung Galaxy J7 16Gb",
      "action_flag": 2,
      "change_message": "[{\"changed\": {\"fields\": [\"new_models\"]}}]"
   }
},
{
   "model": "admin.logentry",
   "pk": 253,
   "fields": {
      "action_time": "2019-01-18T23:42:45.017Z",
      "user": 1,
      "content_type": 8,
      "object_id": "1",
      "object_repr": "15000.00, Samsung Galaxy A9",
      "action_flag": 2,
      "change_message": "[{\"changed\": {\"fields\": [\"new_models\"]}}]"
   }
},
{
   "model": "admin.logentry",
   "pk": 254,
   "fields": {
      "action_time": "2019-01-18T23:42:53.651Z",
      "user": 1,
      "content_type": 8,
      "object_id": "6",
      "object_repr": "20000.00, Samsung Galaxy S8+ 64Gb (Gold)",
      "action_flag": 2,
      "change_message": "[]"
   }
},
{
   "model": "admin.logentry",
   "pk": 255,
   "fields": {
      "action_time": "2019-01-18T23:45:22.206Z",
      "user": 1,
      "content_type": 8,
      "object_id": "6",
      "object_repr": "20000.00, Samsung Galaxy S8+ 64Gb (Gold)",
      "action_flag": 2,
      "change_message": "[{\"changed\": {\"fields\": [\"discount\"]}}]"
   }
},
{
   "model": "admin.logentry",
   "pk": 256,
   "fields": {
      "action_time": "2019-01-18T23:45:42.158Z",
      "user": 1,
      "content_type": 8,
      "object_id": "3",
      "object_repr": "4600.00, Samsung Galaxy J5 16Gb",
      "action_flag": 2,
      "change_message": "[{\"changed\": {\"fields\": [\"discount\"]}}]"
   }
},
{
   "model": "admin.logentry",
   "pk": 257,
   "fields": {
      "action_time": "2019-01-18T23:46:21.882Z",
      "user": 1,
      "content_type": 8,
      "object_id": "1",
      "object_repr": "15000.00, Samsung Galaxy A9",
      "action_flag": 2,
      "change_message": "[{\"changed\": {\"fields\": [\"discount\"]}}]"
   }
},
{
   "model": "admin.logentry",
   "pk": 258,
   "fields": {
      "action_time": "2019-01-21T20:40:06.333Z",
      "user": 1,
      "content_type": 8,
      "object_id": "6",
      "object_repr": "20000.00, Samsung Galaxy S8+ 64Gb",
      "action_flag": 2,
      "change_message": "[{\"changed\": {\"fields\": [\"name\"]}}]"
   }
},
{
   "model": "admin.logentry",
   "pk": 259,
   "fields": {
      "action_time": "2019-01-21T20:59:00.698Z",
      "user": 1,
      "content_type": 8,
      "object_id": "6",
      "object_repr": "20000.00, Samsung Galaxy S8+ 64Gb",
      "action_flag": 2,
      "change_message": "[{\"changed\": {\"name\": \"\\u0424\\u043e\\u0442\\u043e\\u0433\\u0440\\u0430\\u0444\\u0438\\u044f\", \"object\": \"\\u0417\\u0430\\u043a\\u0430\\u0437 21\", \"fields\": [\"image\"]}}, {\"changed\": {\"name\": \"\\u0424\\u043e\\u0442\\u043e\\u0433\\u0440\\u0430\\u0444\\u0438\\u044f\", \"object\": \"\\u0417\\u0430\\u043a\\u0430\\u0437 22\", \"fields\": [\"image\"]}}, {\"changed\": {\"name\": \"\\u0424\\u043e\\u0442\\u043e\\u0433\\u0440\\u0430\\u0444\\u0438\\u044f\", \"object\": \"\\u0417\\u0430\\u043a\\u0430\\u0437 23\", \"fields\": [\"image\"]}}]"
   }
},
{
   "model": "admin.logentry",
   "pk": 260,
   "fields": {
      "action_time": "2019-01-21T21:26:29.902Z",
      "user": 1,
      "content_type": 8,
      "object_id": "5",
      "object_repr": "7800.00, Samsung Galaxy J8 2018 Black",
      "action_flag": 2,
      "change_message": "[{\"changed\": {\"name\": \"\\u0424\\u043e\\u0442\\u043e\\u0433\\u0440\\u0430\\u0444\\u0438\\u044f\", \"object\": \"\\u0417\\u0430\\u043a\\u0430\\u0437 15\", \"fields\": [\"image\"]}}, {\"changed\": {\"name\": \"\\u0424\\u043e\\u0442\\u043e\\u0433\\u0440\\u0430\\u0444\\u0438\\u044f\", \"object\": \"\\u0417\\u0430\\u043a\\u0430\\u0437 16\", \"fields\": [\"image\"]}}, {\"changed\": {\"name\": \"\\u0424\\u043e\\u0442\\u043e\\u0433\\u0440\\u0430\\u0444\\u0438\\u044f\", \"object\": \"\\u0417\\u0430\\u043a\\u0430\\u0437 17\", \"fields\": [\"image\"]}}]"
   }
},
{
   "model": "admin.logentry",
   "pk": 261,
   "fields": {
      "action_time": "2019-01-21T21:27:18.840Z",
      "user": 1,
      "content_type": 8,
      "object_id": "6",
      "object_repr": "20000.00, Samsung Galaxy S8+ 64Gb",
      "action_flag": 2,
      "change_message": "[{\"changed\": {\"name\": \"\\u0424\\u043e\\u0442\\u043e\\u0433\\u0440\\u0430\\u0444\\u0438\\u044f\", \"object\": \"\\u0417\\u0430\\u043a\\u0430\\u0437 21\", \"fields\": [\"image\"]}}, {\"changed\": {\"name\": \"\\u0424\\u043e\\u0442\\u043e\\u0433\\u0440\\u0430\\u0444\\u0438\\u044f\", \"object\": \"\\u0417\\u0430\\u043a\\u0430\\u0437 22\", \"fields\": [\"image\"]}}, {\"changed\": {\"name\": \"\\u0424\\u043e\\u0442\\u043e\\u0433\\u0440\\u0430\\u0444\\u0438\\u044f\", \"object\": \"\\u0417\\u0430\\u043a\\u0430\\u0437 23\", \"fields\": [\"image\"]}}]"
   }
},
{
   "model": "admin.logentry",
   "pk": 262,
   "fields": {
      "action_time": "2019-01-21T21:39:54.174Z",
      "user": 1,
      "content_type": 8,
      "object_id": "6",
      "object_repr": "20000.00, Samsung Galaxy S8+ 64Gb",
      "action_flag": 2,
      "change_message": "[{\"changed\": {\"name\": \"\\u0424\\u043e\\u0442\\u043e\\u0433\\u0440\\u0430\\u0444\\u0438\\u044f\", \"object\": \"\\u0417\\u0430\\u043a\\u0430\\u0437 21\", \"fields\": [\"image\"]}}, {\"changed\": {\"name\": \"\\u0424\\u043e\\u0442\\u043e\\u0433\\u0440\\u0430\\u0444\\u0438\\u044f\", \"object\": \"\\u0417\\u0430\\u043a\\u0430\\u0437 22\", \"fields\": [\"image\"]}}, {\"changed\": {\"name\": \"\\u0424\\u043e\\u0442\\u043e\\u0433\\u0440\\u0430\\u0444\\u0438\\u044f\", \"object\": \"\\u0417\\u0430\\u043a\\u0430\\u0437 23\", \"fields\": [\"image\"]}}]"
   }
},
{
   "model": "admin.logentry",
   "pk": 263,
   "fields": {
      "action_time": "2019-01-23T20:07:36.046Z",
      "user": 1,
      "content_type": 13,
      "object_id": "2",
      "object_repr": "\u041f\u043b\u0430\u043d\u0448\u0435\u0442\u044b",
      "action_flag": 2,
      "change_message": "[{\"changed\": {\"fields\": [\"name\"]}}]"
   }
},
{
   "model": "admin.logentry",
   "pk": 264,
   "fields": {
      "action_time": "2019-01-23T20:07:46.399Z",
      "user": 1,
      "content_type": 13,
      "object_id": "3",
      "object_repr": "\u0427\u0430\u0441\u044b",
      "action_flag": 2,
      "change_message": "[{\"changed\": {\"fields\": [\"name\"]}}]"
   }
},
{
   "model": "admin.logentry",
   "pk": 265,
   "fields": {
      "action_time": "2019-01-23T20:22:32.445Z",
      "user": 1,
      "content_type": 8,
      "object_id": "7",
      "object_repr": "9000, Galaxy Watch (46 mm)",
      "action_flag": 1,
      "change_message": "[{\"added\": {}}, {\"added\": {\"name\": \"\\u0424\\u043e\\u0442\\u043e\\u0433\\u0440\\u0430\\u0444\\u0438\\u044f\", \"object\": \"\\u0417\\u0430\\u043a\\u0430\\u0437 24\"}}, {\"added\": {\"name\": \"\\u0424\\u043e\\u0442\\u043e\\u0433\\u0440\\u0430\\u0444\\u0438\\u044f\", \"object\": \"\\u0417\\u0430\\u043a\\u0430\\u0437 25\"}}, {\"added\": {\"name\": \"\\u0424\\u043e\\u0442\\u043e\\u0433\\u0440\\u0430\\u0444\\u0438\\u044f\", \"object\": \"\\u0417\\u0430\\u043a\\u0430\\u0437 26\"}}]"
   }
},
{
   "model": "admin.logentry",
   "pk": 266,
   "fields": {
      "action_time": "2019-01-23T20:23:24.712Z",
      "user": 1,
      "content_type": 8,
      "object_id": "7",
      "object_repr": "9000.00, Galaxy Watch (46 mm)",
      "action_flag": 2,
      "change_message": "[{\"changed\": {\"name\": \"\\u0424\\u043e\\u0442\\u043e\\u0433\\u0440\\u0430\\u0444\\u0438\\u044f\", \"object\": \"\\u0417\\u0430\\u043a\\u0430\\u0437 24\", \"fields\": [\"image\"]}}, {\"changed\": {\"name\": \"\\u0424\\u043e\\u0442\\u043e\\u0433\\u0440\\u0430\\u0444\\u0438\\u044f\", \"object\": \"\\u0417\\u0430\\u043a\\u0430\\u0437 25\", \"fields\": [\"image\"]}}, {\"changed\": {\"name\": \"\\u0424\\u043e\\u0442\\u043e\\u0433\\u0440\\u0430\\u0444\\u0438\\u044f\", \"object\": \"\\u0417\\u0430\\u043a\\u0430\\u0437 26\", \"fields\": [\"image\"]}}]"
   }
},
{
   "model": "admin.logentry",
   "pk": 267,
   "fields": {
      "action_time": "2019-01-23T20:28:28.100Z",
      "user": 1,
      "content_type": 8,
      "object_id": "7",
      "object_repr": "9000.00, Galaxy Watch (46 mm)",
      "action_flag": 2,
      "change_message": "[{\"changed\": {\"fields\": [\"short_description\", \"description\"]}}]"
   }
},
{
   "model": "admin.logentry",
   "pk": 268,
   "fields": {
      "action_time": "2019-01-23T20:29:35.902Z",
      "user": 1,
      "content_type": 8,
      "object_id": "7",
      "object_repr": "9000.00, Galaxy Watch (46 mm)",
      "action_flag": 2,
      "change_message": "[{\"changed\": {\"fields\": [\"short_description\"]}}]"
   }
},
{
   "model": "admin.logentry",
   "pk": 269,
   "fields": {
      "action_time": "2019-01-23T20:31:50.648Z",
      "user": 1,
      "content_type": 8,
      "object_id": "8",
      "object_repr": "0, Gear Sport (Blue)",
      "action_flag": 1,
      "change_message": "[{\"added\": {}}]"
   }
},
{
   "model": "admin.logentry",
   "pk": 270,
   "fields": {
      "action_time": "2019-01-23T20:33:59.755Z",
      "user": 1,
      "content_type": 8,
      "object_id": "8",
      "object_repr": "0.00, Gear Sport (Blue)",
      "action_flag": 2,
      "change_message": "[{\"changed\": {\"fields\": [\"short_description\"]}}]"
   }
},
{
   "model": "admin.logentry",
   "pk": 271,
   "fields": {
      "action_time": "2019-01-23T20:34:47.461Z",
      "user": 1,
      "content_type": 8,
      "object_id": "2",
      "object_repr": "38000.00, Apple MacBook Air 13\u2033",
      "action_flag": 2,
      "change_message": "[]"
   }
},
{
   "model": "admin.logentry",
   "pk": 272,
   "fields": {
      "action_time": "2019-01-23T20:37:05.755Z",
      "user": 1,
      "content_type": 8,
      "object_id": "2",
      "object_repr": "38000.00, Apple MacBook Air 13\u2033",
      "action_flag": 3,
      "change_message": ""
   }
},
{
   "model": "admin.logentry",
   "pk": 273,
   "fields": {
      "action_time": "2019-01-23T20:37:28.401Z",
      "user": 1,
      "content_type": 8,
      "object_id": "7",
      "object_repr": "9000.00, Galaxy Watch (46 mm)",
      "action_flag": 2,
      "change_message": "[{\"changed\": {\"fields\": [\"new_models\", \"discount\"]}}]"
   }
},
{
   "model": "admin.logentry",
   "pk": 274,
   "fields": {
      "action_time": "2019-01-23T20:42:45.909Z",
      "user": 1,
      "content_type": 8,
      "object_id": "8",
      "object_repr": "7200, Gear Sport (Blue)",
      "action_flag": 2,
      "change_message": "[{\"changed\": {\"fields\": [\"price\", \"discount\", \"description\"]}}, {\"added\": {\"name\": \"\\u0424\\u043e\\u0442\\u043e\\u0433\\u0440\\u0430\\u0444\\u0438\\u044f\", \"object\": \"\\u0417\\u0430\\u043a\\u0430\\u0437 27\"}}, {\"added\": {\"name\": \"\\u0424\\u043e\\u0442\\u043e\\u0433\\u0440\\u0430\\u0444\\u0438\\u044f\", \"object\": \"\\u0417\\u0430\\u043a\\u0430\\u0437 28\"}}, {\"added\": {\"name\": \"\\u0424\\u043e\\u0442\\u043e\\u0433\\u0440\\u0430\\u0444\\u0438\\u044f\", \"object\": \"\\u0417\\u0430\\u043a\\u0430\\u0437 29\"}}]"
   }
},
{
   "model": "admin.logentry",
   "pk": 275,
   "fields": {
      "action_time": "2019-01-23T20:43:10.853Z",
      "user": 1,
      "content_type": 8,
      "object_id": "7",
      "object_repr": "8600, Galaxy Watch (46 mm)",
      "action_flag": 2,
      "change_message": "[{\"changed\": {\"fields\": [\"price\"]}}]"
   }
},
{
   "model": "admin.logentry",
   "pk": 276,
   "fields": {
      "action_time": "2019-01-23T20:51:02.011Z",
      "user": 1,
      "content_type": 8,
      "object_id": "9",
      "object_repr": "6000, Gear Fit2 Pro",
      "action_flag": 1,
      "change_message": "[{\"added\": {}}, {\"added\": {\"name\": \"\\u0424\\u043e\\u0442\\u043e\\u0433\\u0440\\u0430\\u0444\\u0438\\u044f\", \"object\": \"\\u0417\\u0430\\u043a\\u0430\\u0437 30\"}}, {\"added\": {\"name\": \"\\u0424\\u043e\\u0442\\u043e\\u0433\\u0440\\u0430\\u0444\\u0438\\u044f\", \"object\": \"\\u0417\\u0430\\u043a\\u0430\\u0437 31\"}}, {\"added\": {\"name\": \"\\u0424\\u043e\\u0442\\u043e\\u0433\\u0440\\u0430\\u0444\\u0438\\u044f\", \"object\": \"\\u0417\\u0430\\u043a\\u0430\\u0437 32\"}}]"
   }
},
{
   "model": "admin.logentry",
   "pk": 277,
   "fields": {
      "action_time": "2019-01-23T20:51:37.492Z",
      "user": 1,
      "content_type": 8,
      "object_id": "9",
      "object_repr": "6000.00, Gear Fit2 Pro",
      "action_flag": 2,
      "change_message": "[{\"changed\": {\"name\": \"\\u0424\\u043e\\u0442\\u043e\\u0433\\u0440\\u0430\\u0444\\u0438\\u044f\", \"object\": \"\\u0417\\u0430\\u043a\\u0430\\u0437 30\", \"fields\": [\"is_main\"]}}]"
   }
},
{
   "model": "admin.logentry",
   "pk": 278,
   "fields": {
      "action_time": "2019-01-23T20:52:00.584Z",
      "user": 1,
      "content_type": 8,
      "object_id": "9",
      "object_repr": "6000.00, Gear Fit2 Pro",
      "action_flag": 2,
      "change_message": "[{\"changed\": {\"name\": \"\\u0424\\u043e\\u0442\\u043e\\u0433\\u0440\\u0430\\u0444\\u0438\\u044f\", \"object\": \"\\u0417\\u0430\\u043a\\u0430\\u0437 30\", \"fields\": [\"is_main\"]}}, {\"changed\": {\"name\": \"\\u0424\\u043e\\u0442\\u043e\\u0433\\u0440\\u0430\\u0444\\u0438\\u044f\", \"object\": \"\\u0417\\u0430\\u043a\\u0430\\u0437 31\", \"fields\": [\"is_main\"]}}]"
   }
},
{
   "model": "admin.logentry",
   "pk": 279,
   "fields": {
      "action_time": "2019-01-23T20:52:39.307Z",
      "user": 1,
      "content_type": 8,
      "object_id": "9",
      "object_repr": "6000.00, Gear Fit2 Pro",
      "action_flag": 2,
      "change_message": "[{\"changed\": {\"name\": \"\\u0424\\u043e\\u0442\\u043e\\u0433\\u0440\\u0430\\u0444\\u0438\\u044f\", \"object\": \"\\u0417\\u0430\\u043a\\u0430\\u0437 30\", \"fields\": [\"image\", \"is_main\"]}}, {\"changed\": {\"name\": \"\\u0424\\u043e\\u0442\\u043e\\u0433\\u0440\\u0430\\u0444\\u0438\\u044f\", \"object\": \"\\u0417\\u0430\\u043a\\u0430\\u0437 31\", \"fields\": [\"image\", \"is_main\"]}}]"
   }
},
{
   "model": "admin.logentry",
   "pk": 280,
   "fields": {
      "action_time": "2019-01-23T20:53:37.207Z",
      "user": 1,
      "content_type": 8,
      "object_id": "9",
      "object_repr": "6000.00, Gear Fit2 Pro (Red)",
      "action_flag": 2,
      "change_message": "[{\"changed\": {\"fields\": [\"name\"]}}]"
   }
},
{
   "model": "admin.logentry",
   "pk": 281,
   "fields": {
      "action_time": "2019-01-23T21:00:19.211Z",
      "user": 1,
      "content_type": 8,
      "object_id": "10",
      "object_repr": "6400, Gear S3 Classic",
      "action_flag": 1,
      "change_message": "[{\"added\": {}}, {\"added\": {\"name\": \"\\u0424\\u043e\\u0442\\u043e\\u0433\\u0440\\u0430\\u0444\\u0438\\u044f\", \"object\": \"\\u0417\\u0430\\u043a\\u0430\\u0437 33\"}}, {\"added\": {\"name\": \"\\u0424\\u043e\\u0442\\u043e\\u0433\\u0440\\u0430\\u0444\\u0438\\u044f\", \"object\": \"\\u0417\\u0430\\u043a\\u0430\\u0437 34\"}}, {\"added\": {\"name\": \"\\u0424\\u043e\\u0442\\u043e\\u0433\\u0440\\u0430\\u0444\\u0438\\u044f\", \"object\": \"\\u0417\\u0430\\u043a\\u0430\\u0437 35\"}}]"
   }
},
{
   "model": "admin.logentry",
   "pk": 282,
   "fields": {
      "action_time": "2019-01-23T21:00:54.790Z",
      "user": 1,
      "content_type": 8,
      "object_id": "10",
      "object_repr": "6400.00, Gear S3 Classic",
      "action_flag": 2,
      "change_message": "[{\"changed\": {\"fields\": [\"discount\"]}}, {\"changed\": {\"name\": \"\\u0424\\u043e\\u0442\\u043e\\u0433\\u0440\\u0430\\u0444\\u0438\\u044f\", \"object\": \"\\u0417\\u0430\\u043a\\u0430\\u0437 33\", \"fields\": [\"is_main\"]}}]"
   }
},
{
   "model": "admin.logentry",
   "pk": 283,
   "fields": {
      "action_time": "2019-01-23T21:01:13.117Z",
      "user": 1,
      "content_type": 8,
      "object_id": "7",
      "object_repr": "8600.00, Galaxy Watch (46 mm)",
      "action_flag": 2,
      "change_message": "[{\"changed\": {\"fields\": [\"discount\"]}}]"
   }
},
{
   "model": "admin.logentry",
   "pk": 284,
   "fields": {
      "action_time": "2019-01-23T21:05:36.056Z",
      "user": 1,
      "content_type": 8,
      "object_id": "9",
      "object_repr": "6000.00, Gear Fit2 Pro (Red)",
      "action_flag": 2,
      "change_message": "[{\"changed\": {\"fields\": [\"short_description\"]}}]"
   }
},
{
   "model": "admin.logentry",
   "pk": 285,
   "fields": {
      "action_time": "2019-01-23T21:09:36.965Z",
      "user": 1,
      "content_type": 8,
      "object_id": "7",
      "object_repr": "8600.00, Galaxy Watch (46 mm)",
      "action_flag": 2,
      "change_message": "[{\"changed\": {\"fields\": [\"short_description\"]}}]"
   }
},
{
   "model": "admin.logentry",
   "pk": 286,
   "fields": {
      "action_time": "2019-01-23T21:10:08.011Z",
      "user": 1,
      "content_type": 8,
      "object_id": "7",
      "object_repr": "8600.00, Galaxy Watch (46 mm)",
      "action_flag": 2,
      "change_message": "[{\"changed\": {\"fields\": [\"short_description\"]}}]"
   }
},
{
   "model": "admin.logentry",
   "pk": 287,
   "fields": {
      "action_time": "2019-01-23T23:54:54.175Z",
      "user": 1,
      "content_type": 8,
      "object_id": "6",
      "object_repr": "20000.00, Samsung Galaxy S8+ 64Gb",
      "action_flag": 2,
      "change_message": "[]"
   }
},
{
   "model": "admin.logentry",
   "pk": 288,
   "fields": {
      "action_time": "2019-01-27T22:47:27.581Z",
      "user": 1,
      "content_type": 8,
      "object_id": "3",
      "object_repr": "4600.00, Samsung Galaxy J5 16Gb",
      "action_flag": 2,
      "change_message": "[{\"changed\": {\"name\": \"\\u0424\\u043e\\u0442\\u043e\\u0433\\u0440\\u0430\\u0444\\u0438\\u044f\", \"object\": \"\\u0417\\u0430\\u043a\\u0430\\u0437 8\", \"fields\": [\"image\", \"is_main\"]}}, {\"changed\": {\"name\": \"\\u0424\\u043e\\u0442\\u043e\\u0433\\u0440\\u0430\\u0444\\u0438\\u044f\", \"object\": \"\\u0417\\u0430\\u043a\\u0430\\u0437 9\", \"fields\": [\"image\", \"is_main\"]}}, {\"changed\": {\"name\": \"\\u0424\\u043e\\u0442\\u043e\\u0433\\u0440\\u0430\\u0444\\u0438\\u044f\", \"object\": \"\\u0417\\u0430\\u043a\\u0430\\u0437 10\", \"fields\": [\"image\"]}}]"
   }
},
{
   "model": "admin.logentry",
   "pk": 289,
   "fields": {
      "action_time": "2019-01-27T23:30:01.471Z",
      "user": 1,
      "content_type": 8,
      "object_id": "10",
      "object_repr": "6400.00, Gear S3 Classic",
      "action_flag": 2,
      "change_message": "[]"
   }
},
{
   "model": "admin.logentry",
   "pk": 290,
   "fields": {
      "action_time": "2019-02-03T19:10:47.176Z",
      "user": 1,
      "content_type": 8,
      "object_id": "11",
      "object_repr": "28000, Galaxy Tab S4 LTE",
      "action_flag": 1,
      "change_message": "[{\"added\": {}}, {\"added\": {\"name\": \"\\u0424\\u043e\\u0442\\u043e\\u0433\\u0440\\u0430\\u0444\\u0438\\u044f\", \"object\": \"\\u0417\\u0430\\u043a\\u0430\\u0437 36\"}}, {\"added\": {\"name\": \"\\u0424\\u043e\\u0442\\u043e\\u0433\\u0440\\u0430\\u0444\\u0438\\u044f\", \"object\": \"\\u0417\\u0430\\u043a\\u0430\\u0437 37\"}}, {\"added\": {\"name\": \"\\u0424\\u043e\\u0442\\u043e\\u0433\\u0440\\u0430\\u0444\\u0438\\u044f\", \"object\": \"\\u0417\\u0430\\u043a\\u0430\\u0437 38\"}}]"
   }
},
{
   "model": "admin.logentry",
   "pk": 291,
   "fields": {
      "action_time": "2019-02-03T19:11:43.098Z",
      "user": 1,
      "content_type": 8,
      "object_id": "5",
      "object_repr": "7800.00, Samsung Galaxy J8 2018 Black",
      "action_flag": 2,
      "change_message": "[{\"changed\": {\"fields\": [\"new_models\"]}}]"
   }
},
{
   "model": "admin.logentry",
   "pk": 292,
   "fields": {
      "action_time": "2019-02-03T19:12:28.857Z",
      "user": 1,
      "content_type": 8,
      "object_id": "11",
      "object_repr": "28000.00, Galaxy Tab S4 LTE",
      "action_flag": 2,
      "change_message": "[{\"changed\": {\"fields\": [\"description\"]}}]"
   }
},
{
   "model": "admin.logentry",
   "pk": 293,
   "fields": {
      "action_time": "2019-02-03T19:13:27.235Z",
      "user": 1,
      "content_type": 8,
      "object_id": "11",
      "object_repr": "28000.00, Galaxy Tab S4 LTE",
      "action_flag": 2,
      "change_message": "[{\"changed\": {\"fields\": [\"description\"]}}]"
   }
},
{
   "model": "admin.logentry",
   "pk": 294,
   "fields": {
      "action_time": "2019-02-03T19:24:24.770Z",
      "user": 1,
      "content_type": 8,
      "object_id": "12",
      "object_repr": "12000, Galaxy Tab A (2018, 10.5)",
      "action_flag": 1,
      "change_message": "[{\"added\": {}}, {\"added\": {\"name\": \"\\u0424\\u043e\\u0442\\u043e\\u0433\\u0440\\u0430\\u0444\\u0438\\u044f\", \"object\": \"\\u0417\\u0430\\u043a\\u0430\\u0437 39\"}}, {\"added\": {\"name\": \"\\u0424\\u043e\\u0442\\u043e\\u0433\\u0440\\u0430\\u0444\\u0438\\u044f\", \"object\": \"\\u0417\\u0430\\u043a\\u0430\\u0437 40\"}}, {\"added\": {\"name\": \"\\u0424\\u043e\\u0442\\u043e\\u0433\\u0440\\u0430\\u0444\\u0438\\u044f\", \"object\": \"\\u0417\\u0430\\u043a\\u0430\\u0437 41\"}}]"
   }
},
{
   "model": "admin.logentry",
   "pk": 295,
   "fields": {
      "action_time": "2019-02-03T19:26:08.059Z",
      "user": 1,
      "content_type": 8,
      "object_id": "12",
      "object_repr": "12000.00, Galaxy Tab A (2018, 10.5)",
      "action_flag": 2,
      "change_message": "[{\"changed\": {\"fields\": [\"description\"]}}]"
   }
},
{
   "model": "admin.logentry",
   "pk": 296,
   "fields": {
      "action_time": "2019-02-03T19:27:27.743Z",
      "user": 1,
      "content_type": 8,
      "object_id": "12",
      "object_repr": "12000.00, Galaxy Tab A (2018, 10.5)",
      "action_flag": 2,
      "change_message": "[{\"changed\": {\"fields\": [\"description\"]}}]"
   }
},
{
   "model": "admin.logentry",
   "pk": 297,
   "fields": {
      "action_time": "2019-02-03T19:28:05.762Z",
      "user": 1,
      "content_type": 8,
      "object_id": "12",
      "object_repr": "12000.00, Galaxy Tab A (2018, 10.5)",
      "action_flag": 2,
      "change_message": "[{\"changed\": {\"fields\": [\"description\"]}}]"
   }
},
{
   "model": "admin.logentry",
   "pk": 298,
   "fields": {
      "action_time": "2019-02-03T19:38:01.476Z",
      "user": 1,
      "content_type": 8,
      "object_id": "13",
      "object_repr": "4700, Samsung Galaxy Tab E (9.6, 3G)",
      "action_flag": 1,
      "change_message": "[{\"added\": {}}, {\"added\": {\"name\": \"\\u0424\\u043e\\u0442\\u043e\\u0433\\u0440\\u0430\\u0444\\u0438\\u044f\", \"object\": \"\\u0417\\u0430\\u043a\\u0430\\u0437 42\"}}, {\"added\": {\"name\": \"\\u0424\\u043e\\u0442\\u043e\\u0433\\u0440\\u0430\\u0444\\u0438\\u044f\", \"object\": \"\\u0417\\u0430\\u043a\\u0430\\u0437 43\"}}, {\"added\": {\"name\": \"\\u0424\\u043e\\u0442\\u043e\\u0433\\u0440\\u0430\\u0444\\u0438\\u044f\", \"object\": \"\\u0417\\u0430\\u043a\\u0430\\u0437 44\"}}]"
   }
},
{
   "model": "admin.logentry",
   "pk": 299,
   "fields": {
      "action_time": "2019-02-03T19:39:03.871Z",
      "user": 1,
      "content_type": 8,
      "object_id": "12",
      "object_repr": "12000.00, Samsung Galaxy Tab A (2018, 10.5)",
      "action_flag": 2,
      "change_message": "[{\"changed\": {\"fields\": [\"name\"]}}]"
   }
},
{
   "model": "admin.logentry",
   "pk": 300,
   "fields": {
      "action_time": "2019-02-03T19:39:19.967Z",
      "user": 1,
      "content_type": 8,
      "object_id": "10",
      "object_repr": "6400.00, Samsung Gear S3 Classic",
      "action_flag": 2,
      "change_message": "[{\"changed\": {\"fields\": [\"name\"]}}]"
   }
},
{
   "model": "admin.logentry",
   "pk": 301,
   "fields": {
      "action_time": "2019-02-03T19:39:35.020Z",
      "user": 1,
      "content_type": 8,
      "object_id": "11",
      "object_repr": "28000.00, Samsung Galaxy Tab S4 LTE",
      "action_flag": 2,
      "change_message": "[{\"changed\": {\"fields\": [\"name\"]}}]"
   }
},
{
   "model": "admin.logentry",
   "pk": 302,
   "fields": {
      "action_time": "2019-02-03T19:39:51.980Z",
      "user": 1,
      "content_type": 8,
      "object_id": "9",
      "object_repr": "6000.00, Samsung Gear Fit2 Pro (Red)",
      "action_flag": 2,
      "change_message": "[{\"changed\": {\"fields\": [\"name\"]}}]"
   }
},
{
   "model": "admin.logentry",
   "pk": 303,
   "fields": {
      "action_time": "2019-02-03T19:40:18.651Z",
      "user": 1,
      "content_type": 8,
      "object_id": "8",
      "object_repr": "7200.00, Samsung Gear Sport (Blue)",
      "action_flag": 2,
      "change_message": "[{\"changed\": {\"fields\": [\"name\"]}}]"
   }
},
{
   "model": "admin.logentry",
   "pk": 304,
   "fields": {
      "action_time": "2019-02-03T19:40:34.744Z",
      "user": 1,
      "content_type": 8,
      "object_id": "7",
      "object_repr": "8600.00, Samsung Galaxy Watch (46 mm)",
      "action_flag": 2,
      "change_message": "[{\"changed\": {\"fields\": [\"name\"]}}]"
   }
},
{
   "model": "admin.logentry",
   "pk": 305,
   "fields": {
      "action_time": "2019-02-03T19:42:00.043Z",
      "user": 1,
      "content_type": 8,
      "object_id": "7",
      "object_repr": "8600.00, Galaxy Watch (46 mm)",
      "action_flag": 2,
      "change_message": "[{\"changed\": {\"fields\": [\"name\"]}}]"
   }
},
{
   "model": "admin.logentry",
   "pk": 306,
   "fields": {
      "action_time": "2019-02-03T19:43:00.685Z",
      "user": 1,
      "content_type": 8,
      "object_id": "12",
      "object_repr": "12000.00, Samsung Galaxy Tab A",
      "action_flag": 2,
      "change_message": "[{\"changed\": {\"fields\": [\"name\"]}}]"
   }
},
{
   "model": "admin.logentry",
   "pk": 307,
   "fields": {
      "action_time": "2019-02-03T19:50:59.484Z",
      "user": 1,
      "content_type": 8,
      "object_id": "14",
      "object_repr": "22000, Samsung Galaxy Tab S3 LTE",
      "action_flag": 1,
      "change_message": "[{\"added\": {}}, {\"added\": {\"name\": \"\\u0424\\u043e\\u0442\\u043e\\u0433\\u0440\\u0430\\u0444\\u0438\\u044f\", \"object\": \"\\u0417\\u0430\\u043a\\u0430\\u0437 45\"}}, {\"added\": {\"name\": \"\\u0424\\u043e\\u0442\\u043e\\u0433\\u0440\\u0430\\u0444\\u0438\\u044f\", \"object\": \"\\u0417\\u0430\\u043a\\u0430\\u0437 46\"}}, {\"added\": {\"name\": \"\\u0424\\u043e\\u0442\\u043e\\u0433\\u0440\\u0430\\u0444\\u0438\\u044f\", \"object\": \"\\u0417\\u0430\\u043a\\u0430\\u0437 47\"}}]"
   }
},
{
   "model": "admin.logentry",
   "pk": 308,
   "fields": {
      "action_time": "2019-02-03T19:51:51.361Z",
      "user": 1,
      "content_type": 8,
      "object_id": "14",
      "object_repr": "22000.00, Samsung Galaxy Tab S3 LTE",
      "action_flag": 2,
      "change_message": "[{\"changed\": {\"name\": \"\\u0424\\u043e\\u0442\\u043e\\u0433\\u0440\\u0430\\u0444\\u0438\\u044f\", \"object\": \"\\u0417\\u0430\\u043a\\u0430\\u0437 45\", \"fields\": [\"is_main\"]}}]"
   }
},
{
   "model": "admin.logentry",
   "pk": 309,
   "fields": {
      "action_time": "2019-02-03T19:52:49.653Z",
      "user": 1,
      "content_type": 8,
      "object_id": "3",
      "object_repr": "4600.00, Samsung Galaxy J5 16Gb",
      "action_flag": 2,
      "change_message": "[{\"changed\": {\"fields\": [\"is_active\"]}}]"
   }
},
{
   "model": "admin.logentry",
   "pk": 310,
   "fields": {
      "action_time": "2019-02-05T21:26:57.527Z",
      "user": 1,
      "content_type": 8,
      "object_id": "14",
      "object_repr": "22000.00, Samsung Galaxy Tab S3 LTE",
      "action_flag": 2,
      "change_message": "[{\"changed\": {\"name\": \"\\u0424\\u043e\\u0442\\u043e\\u0433\\u0440\\u0430\\u0444\\u0438\\u044f\", \"object\": \"\\u0417\\u0430\\u043a\\u0430\\u0437 45\", \"fields\": [\"is_main\"]}}, {\"changed\": {\"name\": \"\\u0424\\u043e\\u0442\\u043e\\u0433\\u0440\\u0430\\u0444\\u0438\\u044f\", \"object\": \"\\u0417\\u0430\\u043a\\u0430\\u0437 47\", \"fields\": [\"is_main\"]}}]"
   }
},
{
   "model": "admin.logentry",
   "pk": 311,
   "fields": {
      "action_time": "2019-02-05T21:27:47.150Z",
      "user": 1,
      "content_type": 8,
      "object_id": "14",
      "object_repr": "22000.00, Samsung Galaxy Tab S3 LTE",
      "action_flag": 2,
      "change_message": "[{\"changed\": {\"name\": \"\\u0424\\u043e\\u0442\\u043e\\u0433\\u0440\\u0430\\u0444\\u0438\\u044f\", \"object\": \"\\u0417\\u0430\\u043a\\u0430\\u0437 45\", \"fields\": [\"is_main\"]}}, {\"changed\": {\"name\": \"\\u0424\\u043e\\u0442\\u043e\\u0433\\u0440\\u0430\\u0444\\u0438\\u044f\", \"object\": \"\\u0417\\u0430\\u043a\\u0430\\u0437 47\", \"fields\": [\"is_main\"]}}]"
   }
}
]
